listingId,listingName,hostName,hostId,city,state,price,numBeds,minimumNights,maxPeople,roomSize
38585,Charming Victorian home - twin beds + breakfast,Corey,3748343,Dustin,OK,$1880.68,1,4,7,LARGE
80905,French Chic Loft,Corey,3748343,Humble,TX,$3382.97,3,3,7,SMALL
108061,Walk to stores/parks/downtown. Fenced yard/Pets OK,Corey,3748343,Port Reading,NJ,$4339.95,2,2,8,LARGE
155305,Cottage! BonPaul + Sharky's Hostel,Jeremy,1751073,Grannis,AR,$224.74,3,2,8,SMALL
160594,Historic Grove Park,Jim And Paulette,6595962,Italy,TX,$3507.57,4,3,5,LARGE
209068,Terrace Cottage,Jim And Paulette,6595962,Poth,TX,$2968.85,1,3,7,SMALL
213006,Blue Gate West,Jim And Paulette,6595962,Many,LA,$267.38,3,1,7,SMALL
246315,Asheville Dreamer's Cabin,Jim And Paulette,6595962,South Cle Elum,WA,$4805.2,3,5,5,LARGE
259576,"Private, peaceful, and free goat therapy",Kwadwo,5459862,Los Ojos,NM,$4455.13,4,3,6,SMALL
295496,The Fern Street Apt near Biltmore,Kwadwo,5459862,Marthaville,LA,$4709.22,4,2,4,MEDIUM
304379,Refocus Cottage - paradise,Kwadwo,5459862,Holden,MO,$3622.42,1,5,6,MEDIUM
353092,Athena's Loft:  Find yourself here!,Kwadwo,5459862,Blodgett,MO,$1561.28,3,2,6,SMALL
427497,Luxurious Mountain Guest Suite Apartment,Kwadwo,5459862,West Bend,IA,$3622.32,1,3,4,LARGE
436476,"8 min Walk to DT AVL! Hip, Chic, CLEAN & Charming.",Jon And Emily,5694797,Beaumont,TX,$4280.58,4,5,5,SMALL
483384,"Romantic, Moroccan-Influenced Cottage",Jon And Emily,5694797,Bossier City,LA,$2461.75,4,5,6,MEDIUM
495111,Walk Downtown private bath peaceful,Jon And Emily,5694797,Elizabethville,PA,$3546.25,3,1,4,LARGE
498089,Urban Getaway - Perfect Location,Scott,5022941,Dix,IL,$1349.47,2,2,8,MEDIUM
528535,Dwntwn Studio w/ lots of character,Becky,6429757,New Market,TN,$336.84,2,1,5,MEDIUM
539020,Comfy/quiet West Asheville getaway,Becky,6429757,French Lick,IN,$4401.76,1,2,8,SMALL
621243,The birdhouse.Sweet suite! Downtown Roof top deck!,Becky,6429757,Hyde Park,VT,$4643.49,3,4,8,MEDIUM
634319,Private Asheville Cabin Apartment,Becky,6429757,West Hempstead,NY,$3700.27,3,1,6,LARGE
660702,Private Home 1 mile to downtown,Becky,6429757,Shunk,PA,$1502.77,2,3,5,MEDIUM
674894,Lovely mountain home with a view!,Tom,2137691,Loughman,FL,$308.38,2,2,7,SMALL
695196,"Private, Downtown & River Arts",Tom,2137691,Robson,WV,$3466.31,2,1,8,MEDIUM
720609,City Vibe Loft,Tom,2137691,Chesapeake,OH,$776.78,2,5,5,LARGE
723349,#2 Blue Ridge Room at Oakland Cottage B&B,Rumi,9390869,Fostoria,MI,$3888.44,1,2,8,SMALL
723410,Asheville Mountain Vista 3mi to Downtown Asheville,Rumi,9390869,York,PA,$864.98,3,4,7,SMALL
751963,Come Home in West Asheville!,Rumi,9390869,Valley Falls,NY,$2241.29,3,5,8,MEDIUM
840696,‚ù§VIEWS! Luxury home near DOWNTOWN close 2 Biltmore,Rumi,9390869,Rippey,IA,$2455.51,3,3,6,LARGE
846221,Town and Mountain Peaceful Retreat,Emilio And Kate,4611378,Winters,CA,$2494.73,4,4,8,SMALL
874008,"Sunset Cottage - year round views, 3 mi to DT AVL",Emilio And Kate,4611378,Telogia,FL,$3907.12,3,1,5,MEDIUM
875735,Asheville artist  bungalow. 3 minutes to downtown,Emilio And Kate,4611378,Wellsville,UT,$1242.0,4,1,7,LARGE
881707,West A'ville sanctuary in the trees,Emilio And Kate,4611378,Zachow,WI,$1521.0,2,5,6,LARGE
910737,Comfy Home in W.AVL - Last minute booking 10% OFF,Emilio And Kate,4611378,Port Matilda,PA,$827.22,4,5,6,MEDIUM
942934,"""ZenShe"" Private Guest Quarters and Entrance",Marianne,5017772,Glencoe,KY,$4520.76,1,2,8,LARGE
943832,"Asheville Cottage, Walk To Town, 30 Days",Pamela,4903022,Liberty,MO,$3789.23,2,1,5,MEDIUM
971003,Montford Home 1.5 mi to DownTown,Pamela,4903022,Cadiz,KY,$2532.2,3,4,7,LARGE
976034,Urban Peace 5 ml from Downtown AVL,Pamela,4903022,Pleasant Grove,UT,$762.32,3,3,4,LARGE
977054,The Cottage In Asheville,Pamela,4903022,Sweet Springs,MO,$1248.99,1,4,5,MEDIUM
990426,Vibe of Asheville,Pamela,4903022,Sunbury,PA,$2204.8,4,1,7,SMALL
1039028,The Cottage on Parkway Loop,Kristin,2078615,Aibonito,PR,$1528.08,2,2,7,LARGE
1066156,Blend City and Country at Lucky W Cottage,Kristin,2078615,Yap,FM,$3753.08,3,5,8,SMALL
1127777,"Modern Meets Zen, Rest & Restore - West Asheville",Kristin,2078615,Brownsville,PA,$4677.46,2,3,7,SMALL
1198090,"Sunny, Walkable W.AVL - 5  min drive to downtown",Kristin,2078615,Pinto,MD,$4453.19,4,2,5,SMALL
1212352,Downtown Get Around #1,Jeff,6947423,Washington,DC,$4372.28,3,4,6,SMALL
1219374,"Kickback, Relax in a Private Suite with a Simple Breakfast",Jeff,6947423,Barnegat Light,NJ,$3033.74,3,2,6,SMALL
1223655,Handsome Chic Loft Downtown,Jeff,6947423,Yorktown,VA,$3992.31,2,3,6,MEDIUM
1223683,xo Loft,Jeff,6947423,Scottville,NC,$1508.97,2,3,7,LARGE
1243512,Multiple Neighboring Downtown Lofts,Bill,5773753,Murrells Inlet,SC,$2107.04,3,4,8,SMALL
1297717,"Lovely, peaceful mountain retreat",Bill,5773753,Atascadero,CA,$2115.88,4,4,6,SMALL
1312301,Mid Century Modern Basement Apt..,Bill,5773753,Vinton,LA,$2920.94,1,5,8,SMALL
1392363,Explorers Retreat Near Downtown Asheville,Bill,5773753,Blaine,ME,$1320.87,3,4,6,SMALL
1393012,HUGE SUITE (king bed) & huge bath-PRIVATE ACCESS,Bill,5773753,Lenox,IA,$2414.01,1,5,4,SMALL
1421061,Garden studio between Asheville +  Biltmore Estate,Celeste,2859790,Elk Park,NC,$3477.51,1,4,4,SMALL
1475299,Refocus Five - Pristine and close to everything,Celeste,2859790,Shiloh,GA,$2486.91,4,5,5,SMALL
1563004,Sunny Sublet in Intentional Community,Helene,2460720,Syracuse,OH,$2883.5,2,1,8,LARGE
1569954,Charming cottage bordered by stream,Helene,2460720,Pigeon,MI,$1352.07,3,5,5,MEDIUM
1571095,Perfectly Located Studio Apartment In Asheville,Helene,2460720,Heflin,LA,$2588.64,3,5,6,SMALL
1574329,#7 Rose Room - Oakland Cottage B&B,Helene,2460720,Chicago,IL,$654.83,1,5,6,SMALL
1577750,accepting guests Not going to bars/ breweries.,Helene,2460720,Edna,TX,$166.74,3,2,7,SMALL
1578831,Downtown Get Around  # 2,Bett,1079051,Summerville,SC,$3669.97,2,5,7,MEDIUM
1586906,"Hidden treasure near Downtown, UNCA",Bett,1079051,Cottageville,SC,$74.15,2,1,5,LARGE
1684109,10 Minutes to Downtown  Epic Views!,Bett,1079051,New Plymouth,OH,$173.13,3,1,5,SMALL
1728187,"Welcoming walkable North Asheville, Pets OK",Marianne,5017772,Marathon Shores,FL,$3732.82,3,3,8,SMALL
1768955,Furnished Apartment Walk to Downtown 30 day min,Marianne,5017772,Manchester,KY,$527.55,1,3,5,LARGE
1785262,Bright Efficiency in West Asheville,Marianne,5017772,Philadelphia,PA,$3771.78,2,3,7,LARGE
1827412,Downtown Asheville Classic Style - Great Value!-#9,Marianne,5017772,Mcpherson,KS,$4972.13,1,2,6,MEDIUM
1843828,"HOME, INDOOR POOL, NEAR IT ALL",Ellie,2383121,Center Ridge,AR,$3321.44,1,5,4,LARGE
1851921,"Guest suite - private entrance , hot tub, walkable",Ellie,2383121,Viborg,SD,$1093.65,1,3,5,LARGE
1852818,5 Star Garden Cottage Retreat,Patricia,3797454,Isle Saint George,OH,$3696.16,3,1,7,LARGE
1956037,"Updated Bungalow, Asheville -  2+ Bdrm",Patricia,3797454,Fort Wingate,NM,$4395.81,3,5,8,SMALL
2072026,"2.5 mile 2 dntwn Suite: Sunny, Big, Clean, Pets OK",Mike,4773563,Shepherd,TX,$3651.11,4,1,4,LARGE
2108335,Bodacious Downtown Bungalow,Mike,4773563,Stockbridge,MI,$3733.27,3,1,6,SMALL
2176375,Guest House & Private Patio,Robert,4642855,Newtown,PA,$987.3,2,5,6,LARGE
2209375,Location~Location 2/1 Bungalow walk to everything!,Robert,4642855,Bucksport,ME,$4152.05,4,5,4,LARGE
2213748,LUX VILLA SUNSET SUITE ~ HOT-TUB ~ DWTN 2M ~ RURAL,Robert,4642855,Kilauea,HI,$1948.78,3,1,8,LARGE
2222067,Sassy Blue Room in Southslope,Robert,4642855,Eagleville,PA,$4114.44,3,1,4,MEDIUM
2254521,The Mimosa Room/private entrance/private bath.,Kyley,4977566,Burton,WV,$626.32,3,5,4,LARGE
2283071,"Serene Cozy Getaway, Walk to West Avl.",Kyley,4977566,Parker,SD,$1714.24,4,3,7,LARGE
2295996,Charming Downtown,Janae,1401121,Leicester,NY,$4621.96,4,4,6,MEDIUM
2296152,Victorian Cottage Downtown Green Rm,Janae,1401121,Hildale,UT,$3751.34,3,4,6,LARGE
2326086,Downtown Artist Loft,Janae,1401121,Batchtown,IL,$1251.12,1,3,6,SMALL
2411109,Victorian Cottage Downtown Blue Rm,Janae,1401121,West Lebanon,NY,$1902.5,3,1,5,MEDIUM
2432326,Heaven Zen (guest house),Janae,1401121,Joliet,IL,$4002.43,1,1,6,LARGE
2432333,Laurelwood,Elizabeth,1087715,Jamestown,ND,$3291.99,3,5,5,LARGE
2454666,"The Hideaway, W. Asheville.  2 BR Apt w/ Hot Tub!",Elizabeth,1087715,Valhalla,NY,$1579.6,3,3,5,LARGE
2477628,River Arts Eco-Cottage - Close to Downtown/Mission,Elizabeth,1087715,Lucedale,MS,$504.4,4,2,6,SMALL
2569529,Downtown Asheville 2 bed/2bath unit for rent,Elizabeth,1087715,Salinas,CA,$1800.0,4,4,6,MEDIUM
2607570,New Cozy Garage Apt/ Great Location,Matt,4974936,Villa Park,IL,$4360.51,2,3,6,MEDIUM
2761044,Angel 6 Miles To Down Town,Matt,4974936,Benson,MD,$4302.58,2,5,7,MEDIUM
2925486,Private&charming 1-bdrm apt on golfcourse-hot tub,Matt,4974936,Henderson,NE,$3443.77,3,3,7,LARGE
2943116,Beautiful W.Asheville Apartment 12 min to downtown,Matt,4974936,Toa Alta,PR,$1771.61,3,5,6,SMALL
2949571,Happy Haven ART Studio 2 Bdrms No Cleaning Fee :),Matt,4974936,Lingo,NM,$1091.5,3,3,8,LARGE
3040444,Private Suite. 10 min walk to Town,Jacqueline,4288124,Chicago,IL,$1998.14,1,5,8,SMALL
3066648,Cozy Downtown Cottage - Close to Mission Hospital,Jacqueline,4288124,Sunnyside,UT,$3548.72,2,1,4,SMALL
3084395,Modern Tree Top Bungalow  - Longer Term Welcome,Jacqueline,4288124,Bartlett,NH,$68.82,1,1,5,SMALL
3095136,Spivey Mountain Cabin w/Hot Tub!!,David,1431139,Colorado City,TX,$1642.04,3,2,4,LARGE
3116699,Asheville Modern Round House,David,1431139,Kimmswick,MO,$4004.82,4,1,4,LARGE
3220474,Guest Room: Mountainside Private Room & Pvt. Bath,David,1431139,Elmira,NY,$2078.64,4,4,7,MEDIUM
3225871,Little forest 5 mins from airport,David,1431139,Ketchum,ID,$3055.06,4,3,5,MEDIUM
3244166,"Princess Anne, Free Breakfast & Happy Hour",David,1431139,Dillingham,AK,$1528.37,2,2,8,MEDIUM
3268055,Cedar Springs Farm Apartment,George,3299032,Pleasanton,NE,$3070.61,3,4,7,LARGE
3314819,Basement: Mountainside Private Room & Private Bath,George,3299032,Gunnison,MS,$2937.23,3,1,8,LARGE
3369973,Nana's Place is minutes from everything!,George,3299032,Culpeper,VA,$1719.02,4,1,6,LARGE
3405282,The Cabin In Grove Park,Mary,3555326,Bunker Hill,IL,$596.25,3,4,4,LARGE
3454237,Asheville Mtn. Retreat,Meghan,5080350,Wytopitlock,ME,$98.57,1,4,5,LARGE
3522134,West Asheville 3 BR/2BA with great outdoor space,Darcy,3065012,Los Alamos,NM,$819.56,2,2,6,MEDIUM
3529241,"Walk to Downtown, Mid-Century Modern",Darcy,3065012,Saint Joseph,LA,$1676.18,4,4,4,MEDIUM
3563156,"Sweet Room and Porch ,Own Entrance And Bath",Darcy,3065012,Nipton,CA,$2830.57,4,5,6,SMALL
3569949,"Dog Friendly, 5 Minutes to Downtown, Walk to Yoga",Darcy,3065012,Salinas,PR,$1601.63,4,5,7,LARGE
3590634,Cozy Cabin by Mountain Stream,Darcy,3065012,Hawkeye,IA,$4695.77,4,4,5,LARGE
3649639,Cheerful Home In Historic Downtown Asheville,Ashley,2644456,Gaithersburg,MD,$4944.84,4,2,4,MEDIUM
3654375,Sassy Purple Cottage!,Ashley,2644456,Aguadilla,PR,$3754.45,3,2,7,MEDIUM
3741771,Urban Oasis- walk to Haywood road,Ashley,2644456,Berne,IN,$4660.56,1,5,5,MEDIUM
3812545,"Peaceful, Spacious Mountain Retreat",Ashley,2644456,Bertrand,NE,$1820.92,4,2,8,MEDIUM
3868452,Peaceful Log Home with Long Range Views,Debbie,1300070,Port Royal,PA,$2422.1,3,1,4,MEDIUM
3868910,The Henhouse,Debbie,1300070,Hyattsville,MD,$1207.59,3,5,8,SMALL
3888845,THE MASTER ~ 50 SHADES OF 5* ~ POOL ~ HOT-TUB,Becky,6429757,Mifflinburg,PA,$340.22,2,1,8,SMALL
3889212,Garage apartment close to downtown,Becky,6429757,Penuelas,PR,$2510.79,1,1,6,SMALL
3945733,"Romantic Vintage Studio‚Äî Clean, Near Downtown!",Becky,6429757,Akron,OH,$468.83,3,5,7,MEDIUM
3968877,Fabulous Studio 7 min to downtown!,Becky,6429757,Avila Beach,CA,$3327.43,4,5,5,MEDIUM
3990524,Private suite in W. Asheville - 30 day minimum,Jonathan,6279732,Aguila,AZ,$317.63,2,2,4,SMALL
4045013,Bittersweet Cottage - It's All About The View!,Jonathan,6279732,Dunseith,ND,$3430.16,4,1,4,MEDIUM
4108784,Everything Zen Asheville,Jonathan,6279732,Trosky,MN,$600.38,3,3,6,MEDIUM
4124504,Forest Hill Bungalow,Jonathan,6279732,Saint Louis,MO,$3729.29,1,2,7,MEDIUM
4129119,Bungalow and BBQ,Jonathan,6279732,Panama City,FL,$4604.01,2,5,8,MEDIUM
4173713,The Suite at Bittersweet,Marin,7174199,Bethesda,OH,$1649.74,3,3,5,MEDIUM
4241484,Charming Cozy Home near Biltmore and Parkway,Marin,7174199,Istachatta,FL,$4290.69,2,2,8,LARGE
4285157,Nana's Nest,Marin,7174199,Spanaway,WA,$2196.81,1,4,8,MEDIUM
4304358,Nana's nest 3,Marin,7174199,Lukachukai,AZ,$391.09,4,4,4,LARGE
4362574,"Asheville, Private Suite 750 Sq/Ft",Marin,7174199,Gomer,OH,$1896.82,1,1,5,MEDIUM
4375081,Funky Log Cabin close in,Simms,2133852,Mathis,TX,$3888.85,3,5,4,MEDIUM
4394670,Sweet Suite,Simms,2133852,Raymond,KS,$3074.06,3,2,6,MEDIUM
4394761,"Bohemian Retreat: Clean, Deck, Near Downtown!",Simms,2133852,Westgate,IA,$3932.8,1,2,6,SMALL
4429169,Cozy Bedroom/Bath Near Downtown!,Simms,2133852,Tarentum,PA,$1607.25,1,5,6,MEDIUM
4448604,"LG Private Rm, Mini Kitchen and Bathroom!",Simms,2133852,Normantown,WV,$252.99,1,2,8,MEDIUM
4515772,Views of Downtown and Mountains,Jacob,1403211,Waverly,IL,$867.85,3,3,7,LARGE
4583056,2BR; Walk Downtown! 30 day minimum,Jacob,1403211,Cresco,IA,$4989.47,4,1,8,MEDIUM
4587394,Urbane Retreat Cabin In town Asheville 90 DAYS,Jacob,1403211,Cottonwood,ID,$3174.59,2,1,4,MEDIUM
4764715,West Asheville Green and Clean Getaway,Jacob,1403211,Eyota,MN,$3254.25,4,2,8,SMALL
4811980,Asheville Mountain Home ON RIVER! Rooms for Rent.,Clifton,1017830,Petersburg,NY,$4008.99,1,4,4,SMALL
4846733,"Chalet at Winghaven, Sunny Log Home",Clifton,1017830,GMAC,NC,$234.31,3,2,6,MEDIUM
4875054,River Arts Studio,Kaitlyne & Ryan,5764852,Kannapolis,NC,$4927.15,3,1,4,SMALL
4895765,Beautiful Kenilworth Jewel,Kaitlyne & Ryan,5764852,Des Moines,IA,$132.39,2,5,8,SMALL
4994407,Amazing Asheville Location VIEWS!,Guy,1062012,Slater,MO,$829.43,1,1,6,SMALL
5144212,Heart of downtown studio apt- No Cleaning Fees,Guy,1062012,Arimo,ID,$2474.15,3,5,7,LARGE
5151226,Convenient to Everything! Private,Guy,1062012,La Sal,UT,$2254.82,4,5,6,LARGE
5213038,Strawbridge House,Guy,1062012,Amboy,IN,$4865.11,2,3,8,LARGE
5333015,"Griffin's Lair  Biltmore Village, NC 28803",Marc & Fay,2979437,Burgettstown,PA,$1120.22,4,5,6,SMALL
5336187,Parklike Setting,April,1545246,Ephrata,PA,$2618.61,1,4,6,SMALL
5405078,Log Cabin Apartment Close To Asheville,April,1545246,Wallis,TX,$2654.65,2,4,5,LARGE
5464591,Artsy/Zen Bungalow in W. Asheville!,April,1545246,South Easton,MA,$1280.89,2,1,6,SMALL
5481195,"Asheville's Famous ""Pink House""",April,1545246,Goltry,OK,$1406.4,1,5,5,MEDIUM
5506704,Large West Asheville Studio,April,1545246,Lakeland,MI,$3304.92,4,2,8,MEDIUM
5696919,Hidden getaway close to downtown!,Kathryn,3586072,Edward,NC,$4751.16,4,5,7,SMALL
5716399,The AshVilla- Prime West Asheville location,Kathryn,3586072,Milan,TN,$4820.1,1,2,4,LARGE
5839119,Sleeps 10! - Historic Montford -  Walk to town!,Kathryn,3586072,Woodstock,IL,$860.28,1,3,6,SMALL
5850649,Explore the Woods from a Quiet Apartment near Sierra Nevada,Kathryn,3586072,Du Bois,IL,$3609.32,3,4,7,MEDIUM
5851392,Charming Historic Montford Bungalow ~Walk Downtown,Diane,1162956,Amherst,VA,$1929.55,2,4,8,SMALL
5868695,Buried in Woods- Full of Art/ Style,Diane,1162956,Twinsburg,OH,$922.27,1,2,5,MEDIUM
5947797,Private Entrance/10 Min to DT,Matt,3858896,Goodwell,OK,$2459.95,3,2,6,MEDIUM
6005112,Solar House in South Asheville,Matt,3858896,Kempton,PA,$4164.84,1,1,5,LARGE
6054250,The Rad Pad‚ÄîQuiet Modern Nest 2 Blocks off Haywood Road,Matt,3858896,Pinch,WV,$2581.41,1,5,5,SMALL
6056098,Mountain Beauty/City Convenience,Matt,3858896,Medanales,NM,$45.05,2,2,6,MEDIUM
6079982,Graceful Heart Cottage,Sara,9007030,Ponce,PR,$2054.58,3,4,7,MEDIUM
6145162,"Downtown Asheville, Small Single - Best Value! -#7",Sara,9007030,Greenwood Lake,NY,$3383.52,2,2,7,SMALL
6170347,"Charm n Comfort: 1 mi to Biltmore Estate, 4 to DT!",Sara,9007030,Saint Louis,MO,$1361.65,2,5,6,SMALL
6180513,"Sunny, Modern Apartment in Vibrant Downtown Asheville",Gretchen,2230093,Curtis Bay,MD,$2287.46,2,5,6,SMALL
6197585,Sunny West Asheville Studio Apt.,Gretchen,2230093,Homestead,FL,$2722.89,2,2,8,MEDIUM
6227094,Groove Stone Getaway,Gretchen,2230093,Utica,MS,$2140.12,1,5,4,LARGE
6234618,"West Side Loft- Cozy, Clean & Comfortable",Gretchen,2230093,Creston,WV,$146.78,2,4,5,MEDIUM
6290666,Mountain View Charming Space Five Mins to Downtown,Jonathan,1536837,Boston,MA,$595.46,1,2,8,SMALL
6335114,Charming 1929 home w/ modern touch,Jonathan,1536837,Valley View,PA,$694.38,3,5,6,MEDIUM
6362850,Your Chic Mountain Getaway in the Forest!,Jonathan,1536837,North San Juan,CA,$273.56,1,2,8,SMALL
6363332,"Welcome to ""Cozy Oak Cottage""",Jonathan,1536837,East Waterford,PA,$888.08,4,2,6,LARGE
6399802,Downtown Asheville With a View - Great Value! -#11,Shanti,3337196,Chicago Heights,IL,$1086.91,3,2,4,LARGE
6452410,Stay in historic downtown suburb,Shanti,3337196,Hustontown,PA,$4368.18,3,4,6,MEDIUM
6503015,Unwind at the Sweet Spot Three Blocks from Town,Shanti,3337196,Demotte,IN,$3129.78,4,2,8,LARGE
6609327,The Barn At Mountain Meadows,Shanti,3337196,Crown,PA,$4610.24,3,2,8,MEDIUM
6686924,‚ù§Ô∏è Work-from-Home   2 BEDROOMS 2 FULL BATHROOMS,Jeremy,4705510,Bowers,PA,$2673.84,2,1,6,MEDIUM
6698737,"Serene, spacious, cozy and clean!",Jeremy,4705510,Lithonia,GA,$2531.57,1,4,8,LARGE
6711659,Hip Downtown Hideaway - Close to Mission Hospital,David,6969093,Gomer,OH,$3469.14,3,2,7,LARGE
6715120,Comfy home 10 min to downtown.,David,6969093,Oregon,WI,$2899.77,1,4,4,LARGE
6724476,"Convenient to Downtown Asheville, BRP & Biltmore!",David,6969093,De Pere,WI,$4137.3,4,5,6,MEDIUM
6760016,"Bright, urban chic apt min from Avl",David,6969093,Miami,FL,$4621.59,4,1,4,LARGE
6765734,"Female Dorm ""Top Bunk #2"" at Sharky's Hostel",Johanna,4773296,Stephentown,NY,$4701.92,4,4,7,SMALL
6765832,"Private Room ""Hitchcock"" BPS Hostel",Johanna,4773296,Baileyville,KS,$2629.31,2,5,6,LARGE
6775949,Cozy Cottage short walk to Downtown,Johanna,4773296,Tallassee,AL,$4815.15,4,4,6,MEDIUM
6813265,cozy bedroom in the heart of west asheville,Johanna,4773296,Kanarraville,UT,$1628.95,1,5,6,MEDIUM
6818139,Downtown Asheville Music Lovers- Great Value! -#8,Johanna,4773296,Sturgis,MS,$2568.88,1,5,5,SMALL
6829875,"Sweet, private, detached guest studio",Tony,1897925,Bristol,WI,$2264.81,2,1,4,SMALL
6869894,Beauty & Peace in Asheville,Jan,5217533,Linden,AL,$4655.56,3,2,4,MEDIUM
7001873,Wren's Nest Studio on the West Side,Jan,5217533,Pine Apple,AL,$3957.01,4,4,4,LARGE
7045303,Private Basement Suite in Walkable West Asheville,Kristin,2078615,Bellwood,IL,$1750.63,4,5,6,LARGE
7063293,Mountaintop Log Cabin w/Pano View,Emilio And Kate,4611378,Laurel,MS,$2022.7,4,3,7,SMALL
7064317,Thistledo - Cozy 1 Bedr. Private Apt,Emilio And Kate,4611378,Westernville,NY,$4308.96,1,4,8,SMALL
7340132,Yurt Nest at Green Oaks Community,Emilio And Kate,4611378,Trout Run,PA,$2747.8,3,4,5,MEDIUM
7341057,Two Bedroom Suite in South Asheville,Shanti,3337196,Luquillo,PR,$2832.73,1,3,7,LARGE
7418991,"""Studio C""  in Downtown! Private parking.",Shanti,3337196,Pearblossom,CA,$2612.07,1,3,4,SMALL
7500225,Clean Cozy Cabin Near Blue Ridge Parkway Asheville,Shanti,3337196,Lattimer Mines,PA,$760.91,3,3,6,LARGE
7546626,Home away from home 5miles from downtown,Shanti,3337196,Harlingen,TX,$2725.86,4,5,8,SMALL
7556089,Private Suite in Contemporary West Asheville Home,Shanti,3337196,Morgantown,KY,$3287.41,1,4,4,MEDIUM
7630648,Sunny Modern Country Apartment with Hot Tub,Toni,5540512,Vicco,KY,$2761.41,1,4,6,LARGE
7662484,Vintage Carriage House Apartment,Toni,5540512,Las Vegas,NM,$2549.75,3,4,7,LARGE
7665386,Location! On West Asheville Strip. Walk everywhere,Toni,5540512,San Juan,PR,$4502.58,4,2,5,MEDIUM
7674957,"West Asheville, private hot tub and pool!",Emilie,6995791,Hodges,SC,$2555.61,4,3,7,MEDIUM
7693393,Asheville Beauty,Emilie,6995791,Asher,KY,$4888.73,2,1,8,LARGE
7745341,CARRIAGE HOUSE COTTAGE INDUSTRY ~ RURAL ~ 2M DWT,Emilie,6995791,Nevada,OH,$4466.97,3,1,4,SMALL
7839268,Come vacation in West Asheville!,Emilie,6995791,Miller,MO,$4144.4,2,4,8,MEDIUM
7859259,Studio at Green Oaks Community,Tom,5372768,Rocky Point,NY,$372.39,2,4,6,MEDIUM
7887572,Charming Bungalow Apartment - Biltmore Area,Camille (Cammie),4181373,Okeechobee,FL,$2408.52,4,2,4,SMALL
7938930,SweetPineHouse monthly rental fully outfitted!,Narendra,3136757,Atascadero,CA,$2330.42,1,4,8,LARGE
7940019,Walk to Mission Hosp 30 day minimum rental  2 bdrm,Narendra,3136757,Bellbrook,OH,$4752.21,3,5,5,MEDIUM
7947839,Romantic & Bohemian Private Studio,Narendra,3136757,Aniak,AK,$2729.06,1,2,7,SMALL
7966916,West Asheville top floor sleeps 3,Narendra,3136757,West Linn,OR,$935.55,2,2,7,MEDIUM
7967886,Clean Simple Modern Furnished Apartment 60 day min,Micah,4048207,Sabana Grande,PR,$1011.09,4,3,8,LARGE
7995120,Trails End Pisgah Natl Forest 12 min DT Asheville,BonPaul,5378466,Midland,MI,$213.71,4,3,8,MEDIUM
8051829,mid century look w private entrance | no xtra fees,BonPaul,5378466,Fort Loudon,PA,$4573.14,2,3,8,LARGE
8085716,Country Living in the City Limits,BonPaul,5378466,Yauco,PR,$4459.08,3,2,7,SMALL
8089299,Simple Clean and restful,BonPaul,5378466,Deale,MD,$3092.96,2,4,4,LARGE
8173732,DOWNTOWN Asheville Cute 2/1 Great Front Porch Yard,Pat,2592745,Feasterville Trevose,PA,$2257.68,3,5,5,MEDIUM
8193368,Cozy AVL Suite Near Everything,Pat,2592745,Red Mountain,CA,$322.03,4,3,4,LARGE
8211404,Suzies  Asheville HOT TUB   Views Privacy,Lindsay,4139959,Aurora,CO,$888.47,2,2,4,LARGE
8246075,1925 Bungalow in the Heart of West,Matt,3858896,Whitesboro,NJ,$249.57,3,4,6,LARGE
8265544,5 Star Luxury Near Downtown & Biltmore,Matt,3858896,Lowndesboro,AL,$4649.38,1,1,6,MEDIUM
8266788,5 Mins to Downtown/ 2 MIns-Biltmore,Matt,3858896,Bella Vista,AR,$2555.4,1,1,8,MEDIUM
8310318,Studio apartment in tranquil settin,Matt,3858896,Springerton,IL,$4490.45,2,5,4,SMALL
8362668,"Private floor, stroll to W. AVL",Simms,2133852,Sanger,CA,$3514.86,3,1,5,LARGE
8427121,Beautifully appointed apt in mtns,Simms,2133852,Ipswich,SD,$1882.66,4,5,7,SMALL
8443279,WALKING DISTANCE TO DOWNTOWN!,Simms,2133852,Buckland,AK,$4940.41,2,4,5,SMALL
8576671,Three-Room Suite with Private Entrance,Simms,2133852,Thebes,IL,$491.87,1,4,4,MEDIUM
8624659,Modern Downtown Loft,Simms,2133852,Whelen Springs,AR,$1743.18,1,1,6,LARGE
8664712,Two Block Walk from Apt to Downtown,Camille (Cammie),4181373,Bennington,OK,$259.62,1,4,5,LARGE
8672247,East-West Asheville Beauty,Camille (Cammie),4181373,Lenoir,NC,$2529.75,3,2,7,MEDIUM
8721288,"Entire apt. 2 miles: Biltmore, 5 miles: downtown !",Camille (Cammie),4181373,Arkadelphia,AR,$2279.96,1,4,4,MEDIUM
8741844,"Lake view, Children-Friendly Cabins",Camille (Cammie),4181373,Bunker Hill,IN,$2114.72,2,3,6,SMALL
8782463,Apartment 1 mile from  Downtown Asheville,Camille (Cammie),4181373,Machias,ME,$4975.95,2,2,8,SMALL
9022608,Easy Walk Downtown - Sleeps 5,Jonathan,6279732,Charlottesville,VA,$691.17,4,5,4,LARGE
9243493,Log Cabin Near Downtown Asheville,Jonathan,6279732,Castro Valley,CA,$1936.11,2,5,5,SMALL
9254177,WALK TO DOWNTOWN ASHEVILLE: Garden Homestay Room,Jonathan,6279732,Bushkill,PA,$2691.33,1,4,8,SMALL
9282426,Downtown  Get Around #3,Jonathan,6279732,Labelle,FL,$3283.11,1,3,4,LARGE
9344195,"Private Entrance, Top O' The Knob Chalet Suite",Jonathan,6279732,Hodges,SC,$2273.76,3,4,6,LARGE
9476164,"Walk to cafes, pubs, music",Paul,1055918,Sopchoppy,FL,$1865.22,2,3,6,SMALL
9661460,Scenic Mountain Retreat,Paul,1055918,Morristown,SD,$3613.31,4,2,8,LARGE
9716129,Asheville One Bedroom Apartment,Paul,1055918,Cat Spring,TX,$723.82,1,4,4,SMALL
9794899,Downtown Asheville-Great Location & Free Parking!!,Paul,1055918,Oceanport,NJ,$2120.06,4,3,7,SMALL
9906491,"Sheriff's Station - Historic House, West Asheville",Paul,1055918,Bearsville,NY,$2603.58,2,3,7,LARGE
9944111,Serenity Yurt,Celeste,5688794,Cortez,FL,$858.58,3,2,8,SMALL
10084836,Downtown Asheville Cottage,Celeste,5688794,Northport,NY,$4939.72,2,3,7,SMALL
10085566,Cozy private furnished basement eff mins to town.,Celeste,5688794,La France,SC,$240.45,3,1,6,LARGE
10089256,"Mountain Views, Private Retreat, 15 min frm dwntwn",Celeste,5688794,Westfield,IL,$1305.95,1,5,4,LARGE
10263107,Corner Cottage,Celeste,5688794,Brimfield,IL,$2378.15,3,1,5,SMALL
10289755,Apartment with a View,April,6259509,Helenwood,TN,$783.24,2,4,4,MEDIUM
10335139,"Asheville Cottages...Romantic, Luxurious and CLEAN",Krista,3077504,Seattle,WA,$1760.99,2,2,5,LARGE
10360188,Perfectly cozy location 1/2 mile to downtown.,Krista,3077504,Willseyville,NY,$3158.36,1,1,6,MEDIUM
10524188,Luxury Modern Loft in Historic Central Downtown Building,Krista,3077504,Mc Cormick,SC,$2787.61,1,1,8,MEDIUM
10524253,Blue  Ridge Cottage w/HOT TUB-Minutes to Downtown,Marc & Fay,2942901,Laketown,UT,$3521.43,3,5,5,SMALL
10583310,Mountain Views Minutes From Brews,Jessica,1536278,Mertztown,PA,$3099.97,4,2,5,SMALL
10632884,Private Suite by downtown/Biltmore/River Arts/more,Jessica,1536278,North Haverhill,NH,$3876.56,2,5,4,LARGE
10635789,lovely peaceful room w coffee- central AVL east,Jessica,1536278,Hat Creek,CA,$3150.64,3,3,6,LARGE
10674355,Creekside Home Close to Everything,Jessica,1536278,Grouse Creek,UT,$1248.79,2,4,7,SMALL
10785231,Secluded but convenient cabin,Jessica,1536278,Southborough,MA,$2140.95,3,4,4,MEDIUM
10853381,A Cottage At Willow Pond,Christine,4978885,Du Bois,PA,$3817.87,3,3,5,MEDIUM
10909034,New house! Walk Dtown & River Arts,Christine,4978885,Sayre,AL,$2598.72,2,2,7,LARGE
11182596,Ladyhawk Lodge Retreat,Laurel,5370405,King Ferry,NY,$2904.88,2,5,8,LARGE
11242744,"Country feel, city appeal, minutes to Asheville",Laurel,5370405,North Lewisburg,OH,$1592.52,4,5,4,LARGE
11259371,Artsy Eclectic Little House,Laurel,5370405,Johnston City,IL,$1849.14,2,4,4,LARGE
11283225,Airstream On The River,Laurel,5370405,Walnut Grove,CA,$353.33,3,4,5,SMALL
11291801,"Private, secluded cabin-wood/fireplace/hot tub.",Laurel,5370405,Jordan Valley,OR,$673.32,1,4,5,SMALL
11388248,Mountain Top Retro Rental,Amanda,4475155,Arcadia,OK,$2310.82,4,5,6,MEDIUM
11421709,Hazel's Hideaway - Walk Downtown,Amanda,4475155,Three Rivers,TX,$2900.71,4,4,6,SMALL
11483381,Asheville Mountainside Retreat,Emily,1728919,Chantilly,VA,$3721.09,2,4,5,SMALL
11489172,Our lil' blue house - relax and enjoy AVL,Emily,1728919,Taylors Falls,MN,$1228.28,1,3,6,SMALL
11510567,Convenient Biltmore/Downtown home,Emily,1728919,Hacksneck,VA,$2959.69,4,2,7,MEDIUM
11586894,"Best Of Both Worlds, 3,000 ft Mountain Views & 3 miles from Downtown Asheville",Emily,1728919,Cincinnati,OH,$947.68,1,4,4,MEDIUM
11609580,"Spacious, Chic Grove Park Studio - 5 Min Dwntwn",Lynn,5507346,Mcleod,ND,$4568.56,1,4,4,MEDIUM
11701027,Spacious 700 sq. ft. Suite in South Asheville,Lynn,5507346,Stonewall,OK,$3187.26,1,5,5,SMALL
11773647,The Hidden Attic-Great for Corporate or Relocation,Lynn,5507346,East Norwich,NY,$1954.4,2,4,8,SMALL
11811039,N. Asheville Retreat with King Bed and Views,Anthony,6427429,Texhoma,OK,$1446.4,4,3,4,LARGE
11839089,West Asheville Home,Tom,5372768,Franklinville,NY,$1566.71,4,4,8,LARGE
11925721,Chicken Hill Cottage in the River Arts District,Tom,5372768,Elbert,WV,$1706.98,4,1,7,LARGE
11938223,Cabin by the pond,Tom,5372768,Greenford,OH,$260.12,4,3,5,MEDIUM
11947108,"Private suite close to Biltmore, Brews & Downtown",Tom,5372768,Dover,OH,$3326.26,3,5,4,MEDIUM
12105828,Historic Grove Park rental - Apt #2,Tom,5372768,Pittsfield,IL,$3380.89,2,4,4,LARGE
12107874,Sunny Downstairs Apartment,Noah,2007542,Guaynabo,PR,$1322.82,2,4,7,LARGE
12144656,Cottage McIntyre Near Downtown! Weddings!,Colleen And Dave,6900414,Mechanicsburg,PA,$4733.54,3,5,6,SMALL
12182918,MONTHLY - Grove Park - Charming Guest House,Colleen And Dave,6900414,Hanahan,SC,$670.63,4,5,7,MEDIUM
12186372,Beer City Boutique,Adam,6962302,Toa Baja,PR,$1668.58,2,5,8,SMALL
12188215,Retreat outside gates of Biltmore Estate unit two,Jennifer,2459022,Oran,IA,$415.86,3,5,7,MEDIUM
12189623,Historic Grove Park  - Apartment #1,Jennifer,2459022,Richland,WA,$538.98,4,3,6,MEDIUM
12222050,Mountaintop Retreat near Downtown Asheville,Jennifer,2459022,Verplanck,NY,$1485.4,1,1,5,SMALL
12229453,Retreat in Downtown Asheville,Tim,1920714,Lysite,WY,$464.33,2,3,6,LARGE
12250733,West AVL Urban Retreat (Monthly),Tim,1920714,Lowell,IN,$2581.09,1,2,5,LARGE
12251952,NEW: Private Room is like a treehouse in the woods,Tim,1920714,Baker,LA,$1718.84,2,5,5,SMALL
12266103,City Lights,Tim,1920714,Elk Mound,WI,$2884.22,2,5,4,LARGE
12281167,Be Well: Walk to Downtown AVL,Jean,5677258,Worcester,MA,$4827.72,1,3,5,MEDIUM
12286328,Mixed Dorm Lower Bunk #1,Jean,5677258,Cincinnati,OH,$1279.14,3,2,6,SMALL
12290379,ZEN APARTMENT - feels like ur own little apartment,Jean,5677258,Chicago Heights,IL,$4467.85,4,2,7,LARGE
12310425,Haywood House Asheville (West Asheville),Jean,5677258,Kirkwood,PA,$426.15,2,5,7,MEDIUM
12363894,The best view in Asheville!,Kirstin,4320043,Baytown,TX,$4392.93,4,4,5,SMALL
12377575,Mountain Cabin Near Downtown,Tracy And Brent,2245527,Houston,TX,$2682.71,1,2,7,SMALL
12400514,Beautiful Modern Suite with Hot Tub,Tracy And Brent,2245527,Carrollton,IL,$253.66,1,2,8,SMALL
12470763,RainbowUnicorn & Paris of the South,Aaron,2599536,Bernalillo,NM,$4866.66,4,5,8,SMALL
12472966,The Guesthouse at Deer Crossing,Aaron,2599536,Mchenry,IL,$3077.51,4,4,5,LARGE
12543684,"10 minutes to Downtown & Biltmore, Next to Parkway",Aaron,2599536,Lineboro,MD,$4124.52,4,2,6,LARGE
12587092,"""Tree house"" in South Asheville",Anne,3279833,Enosburg Falls,VT,$865.04,3,1,5,SMALL
12599311,"Lovely, welcoming, walkable",Anne,3279833,Brussels,IL,$2804.49,1,2,8,SMALL
12600829,Sweet suite for families & friends,Anne,3279833,Sonyea,NY,$2330.68,2,5,4,MEDIUM
12600850,Bunks for family and friends,Anne,3279833,Umpire,AR,$3583.72,4,5,4,SMALL
12685614,Historic Grove Park - Apartment #4,April,1545246,Fessenden,ND,$1330.02,4,1,5,LARGE
12761982,Urban Farmhouse,April,1545246,Millersburg,PA,$3300.32,1,4,7,MEDIUM
12763722,Mountain View Cottage with Hot Tub,April,1545246,Lake Village,IN,$2994.19,1,4,4,MEDIUM
12782770,"Convenient to Breweries, Biltmore, Downtown, River",Becky,6429757,Fort Stanton,NM,$1535.5,4,2,8,SMALL
12809255,Cheryl's W. Asheville Chalet,Shannon,6764739,Daisy,OK,$3736.82,4,5,6,SMALL
12810440,Modern in Downtown Walkable West Asheville,Shannon,6764739,Ava,IL,$376.5,4,2,7,MEDIUM
12835184,NEW studio apartment in Downtown Asheville!,Shannon,6764739,Guaynabo,PR,$2989.96,2,1,7,LARGE
12848084,Mountain Views at S. Asheville Private Apartment!,Micah,4048207,Roscoe,TX,$3377.29,3,1,5,SMALL
12871394,Retreat outside gates of Biltmore Estate unit one,Micah,4048207,Beech Bluff,TN,$3113.96,2,2,8,SMALL
12925044,Charming Arts & Crafts Home-20 min downtown AVL,Micah,4048207,Beaverdale,PA,$2661.84,2,3,7,SMALL
12944995,Country Garden Getaway with Hot Tub,Micah,4048207,Washington Court House,OH,$3541.63,2,3,6,LARGE
12965736,Mountain Views over the River with Hot Tub,Patty And Jim,3060466,Chilo,OH,$3190.61,2,2,6,LARGE
12970301,Clean & Spacious Apartment w/Full Kitchen & W/D,Patty And Jim,3060466,Audubon,MN,$1996.69,4,1,5,MEDIUM
12989718,Female Dorm Bottom Bunk at BPS Hostel,Patty And Jim,3060466,West Chester,OH,$1982.18,1,5,4,LARGE
13017092,Raven's Nest Cottage,Laura,4387678,Livingston,IL,$3806.65,4,3,8,LARGE
13093505,"Heart of Downtown - Bright,Spacious,Historic",Laura,4387678,Higley,AZ,$1056.6,3,2,5,MEDIUM
13112074,Sam's Cottage,Laura,4387678,Radersburg,MT,$3891.27,4,5,5,LARGE
13136198,Urban Farm Studio ~ Close to Everything!,Darcy,3065012,Fort Harrison,MT,$1488.42,1,3,6,MEDIUM
13186091,"Bluebird Sanctuary. Mt view, walk downtown, W Ashe",Darcy,3065012,Southington,OH,$3534.15,2,4,4,LARGE
13206560,Downtown Loft with Balcony,Darlene And Ron,1183365,Delhi,LA,$1153.73,4,5,5,SMALL
13209712,The Red Private Suite + Den and Bathroom Montford,Darlene And Ron,1183365,Howell,NJ,$4267.98,2,5,7,LARGE
13216889,"Beautiful Quiet Home,  Close to Parkway or Town",Darlene And Ron,1183365,Merion Station,PA,$748.3,2,5,8,SMALL
13231021,"Easy Access to Downtown & Hiking, Sparkling Clean!",Darlene And Ron,1183365,Altaville,CA,$3585.16,3,4,7,SMALL
13234214,Mama Dee's Hide Away,Darlene And Ron,1183365,Gloucester,MA,$4221.2,1,3,5,LARGE
13251709,The Sage Private Suite+Den and Bathroom Montford,Jennifer,1871306,Delta,PA,$2897.75,2,1,4,SMALL
13258472,STEAMPUNK SUITE@UTOPIA ~ POOL ~ HOT-TUB ~ DWTN 2M,Jennifer,1871306,Camden,NY,$3916.46,3,3,4,LARGE
13274313,"Montford Apt w/Deck, Quiet, Private, Walk Downtown",Jennifer,1871306,Floyd,NM,$1869.56,3,5,6,MEDIUM
13312601,Simple but Sweet Cottage House,Tori,2705328,Mount Victoria,MD,$566.56,4,2,5,MEDIUM
13326253,Modern  Loft  in the center of West Asheville,Kirstin,4320043,Somerset,CA,$942.5,4,3,6,LARGE
13333422,Mountain Views in the heart of West Asheville,Kirstin,4320043,South Hadley,MA,$3106.29,3,4,4,LARGE
13340576,"Spacious, Garden Suite w/ Private Porch",Celeste & Esiris,4387153,Goshen,OH,$3621.11,2,3,5,MEDIUM
13348419,Charming Asheville Cottage at Beaver Lake,Celeste & Esiris,4387153,Fleming,OH,$3481.23,1,2,6,SMALL
13355384,"Large 2 bed loft in W. Avl, bring the whole family",Celeste & Esiris,4387153,Mountain City,NV,$2984.38,4,2,4,LARGE
13373427,"Studio in the Trees - Quiet, Forest View",George,6104375,Faith,SD,$2548.53,2,1,4,MEDIUM
13388627,Explore Asheville at a Bright Pad with Pops of Rich Red,George,6104375,Amboy,WA,$367.97,3,1,8,SMALL
13426466,Asheville Studio w/ Sleeping Loft - Walk Downtown!,George,6104375,Dayton,TX,$2485.63,1,5,5,SMALL
13429035,Asheville Cottage With All the Comforts of Home,George,6104375,La Habra,CA,$3648.77,2,5,6,LARGE
13514183,Radiant Apartment in Downtown Asheville,George,6104375,Odessa,WA,$4273.41,4,4,8,LARGE
13524286,Explore the Arts District from a Century Building Apartment,Michael,1835382,Lebanon,OR,$4409.97,4,1,8,SMALL
13556933,Sunporch Suite w/ private entrance,Michael,1835382,Leechburg,PA,$893.33,4,1,5,SMALL
13582513,On famous West Asheville corridor. Walk everywhere,Michael,1835382,Slatington,PA,$4954.7,2,4,8,MEDIUM
13648659,LUX STEEL SUITE@UTOPIA ~ POOL ~ HOT-TUB ~ 2M DTN,Michael,1835382,Ordway,CO,$1715.54,4,2,4,SMALL
13674901,Lovely Space//Private Entrance and Bath,Michael,1835382,Williston,ND,$4412.41,3,2,7,SMALL
13700790,Cozy Room in South Asheville,AJ & Jenn,3429764,Havre De Grace,MD,$1927.0,3,1,4,SMALL
13716891,The Zen Cabin,AJ & Jenn,3429764,Honolulu,HI,$3637.03,1,1,8,SMALL
13744589,Whole House just off Haywood Rd.,Roger And Mary,3058160,Burton,MI,$1609.74,4,1,4,SMALL
13779774,"Private flat w/ Kitchenette & bathroom, Monthly",Trip,2943694,Bismarck,ND,$4084.6,1,4,8,MEDIUM
13819278,Mountain Glow- close to downtown and BR Parkway.,Trip,2943694,Gig Harbor,WA,$4492.77,1,5,4,LARGE
13877850,Blue Ridge Mountain Home Away from Home,Trip,2943694,Greencastle,IN,$2266.6,3,2,8,SMALL
13901952,Historic Grove Park - Apartment #3,Melanie,3329267,Pittsburgh,PA,$2353.04,1,2,7,SMALL
13942925,~Front Porch Retreat~Sleeps 5~2.5 mi to D/T~,Melanie,3329267,Gibson,GA,$1969.8,1,5,6,MEDIUM
14011745,Creekside Zen Den near Downtown,Melanie,3329267,Bingham Canyon,UT,$4307.47,1,4,5,LARGE
14044072,"THE SWEET SPOT- serene hilltop, close to downtown",Narendra,2143034,York,PA,$3815.7,2,4,6,MEDIUM
14052114,West Asheville Dream Bungalow Apartment,Jacob,1163372,Port Orchard,WA,$3856.63,2,5,7,MEDIUM
14076438,Stone Cottage Spa Experience,Jacob,1163372,Riegelsville,PA,$3986.64,3,4,7,SMALL
14102422,The Restful Edge - minutes from downtown AVL,Jacob,1163372,Mathis,TX,$39.27,2,1,6,MEDIUM
14110641,Cottage at Green Oaks Community,Josie,3044902,Bryants Store,KY,$3221.85,4,5,4,SMALL
14125023,Downtown Furnished Studio!! Close to Everything!!!,Josie,3044902,Caribou,ME,$4204.9,1,1,5,MEDIUM
14167740,Hidden Gem - Lovely Summer Rental,Josie,3044902,Morning View,KY,$1784.06,2,4,6,LARGE
14168464,"""B Flat"" Downtown! Private parking.",Louisa,6936982,Elgin,TX,$3109.84,3,5,8,SMALL
14184893,Spectacular Views Minutes from Downtown,Louisa,6936982,Fairfax,VA,$1678.23,3,4,5,MEDIUM
14203513,World Spirit Guest Suite,Louisa,6936982,Clintwood,VA,$2675.14,1,1,5,MEDIUM
14236639,CasaLina. Minutes away from downtown,Louisa,6936982,Berlin,MA,$2688.87,4,1,8,LARGE
14352724,NEW: Elegant Modern Suite & Short Walk to Downtown,Louisa,6936982,Hopewell Junction,NY,$1993.21,1,2,7,MEDIUM
14355288,3 Bedroom Beauty - Walk to Town!,Reid,4835434,Troy,MT,$3435.38,4,3,5,LARGE
14357005,Lavender room,Reid,4835434,Crawford,CO,$2772.08,2,5,6,LARGE
14430828,Sunny West Asheville Retreat,Reid,4835434,Rogers,TX,$1295.85,1,1,4,MEDIUM
14440002,4 Bdrm Rental Close To Downtown & With Tubes!,Marin,7174199,Saint Louis,MO,$1445.52,2,2,5,LARGE
14466206,West Asheville light-filled home,Marin,7174199,Onsted,MI,$4156.81,1,5,5,SMALL
14499003,"*Suite,Calm & Comfy Gem*
Near Biltmore, BRP & AVL",Marin,7174199,North Conway,NH,$4473.91,4,5,8,LARGE
14514191,Convenient Cozy Cottage near West Asheville,Marin,7174199,Young,AZ,$3050.47,3,2,7,SMALL
14522467,Le Petit Bleu,Marin,7174199,Washington,DC,$197.47,1,3,5,SMALL
14523242,A mountain escape with city comfort,Jim And Jan,3943159,Bayamon,PR,$2373.26,4,5,5,LARGE
14547745,"A Peaceful Suite in the Trees, in Asheville",Jim And Jan,3943159,Townshend,VT,$2910.18,2,1,5,SMALL
14561813,"Classy, Comfy Quiet Crash Pad in Downtown Asheville",Jim And Jan,3943159,Bedford,OH,$827.27,4,2,5,MEDIUM
14632829,Master bedroom in the heart of West Asheville,Jim And Jan,3943159,Stafford,NY,$3816.85,2,5,8,LARGE
14649826,"""East"" West Asheville Studio apt",Jim And Jan,3943159,Talking Rock,GA,$4553.14,3,5,7,SMALL
14731119,Nestled in the Mountains,Jean,5765631,Bogard,MO,$4960.59,1,2,8,MEDIUM
14731928,5* BRICKHOUSE SUITE@UTOPIA ~ POOL ~ HOT-TUB ~ DT2M,Jean,5765631,Tracy City,TN,$3986.69,3,5,5,MEDIUM
14738243,"CozyCottageWalk2town, yoga3wkJAN/FEB BOOKDiscount",Jean,5765631,Kingston,NY,$3327.38,1,1,5,LARGE
14751215,Dog-Friendly Home close to Downtown Asheville,Marilyn,3671515,Highwood,MT,$1534.71,3,3,7,SMALL
14805266,"""Hops,"" Skip and a Jump to Downtown and River Arts",Lisa,1101054,Remsen,NY,$1534.74,3,4,5,SMALL
14816025,Asheville Tiny House,Lisa,1101054,Santa Cruz,NM,$3246.86,2,3,4,SMALL
14857013,Retro Vintage-West Asheville Urban Abode,Lisa,1101054,Sutton,AK,$1843.02,2,4,8,LARGE
14899945,Swensen Home,Hun,4810540,Highland,IN,$1310.37,4,3,6,SMALL
14934441,Nanny's Place in the Great Smoky Mountains,Becky,3743220,Mayaguez,PR,$882.26,2,4,5,SMALL
14941161,City Serenity,Shannon,6764739,Pleasant Grove,AR,$867.44,3,2,5,SMALL
14963589,Cozy Cottage in the Woods Near Biltmore,Shannon,6764739,Thousand Island Park,NY,$3416.46,3,5,8,MEDIUM
14976451,"Sweet 5 Points Bungalow, Just a Walk to Downtown",Shannon,6764739,Havelock,NC,$2157.32,1,2,7,MEDIUM
15009504,Separate HVAC | CDC Clean | Walk Downtown,Shannon,6764739,Malcolm,NE,$1822.26,4,5,5,MEDIUM
15016101,Amazing Views of Downtown and Mountains,Shannon,6764739,Valparaiso,FL,$873.5,1,4,6,MEDIUM
15091721,DOWNTOWN! Seconds from it all!,Terra,6671039,Alexander,ND,$2069.82,2,4,4,SMALL
15124397,Modern Mountain Getaway,Terra,6671039,Ford,KS,$236.9,2,1,5,MEDIUM
15158878,A Step Back in Time - 1901 Estate Guest Cottage,Terra,6671039,Elk Point,SD,$4857.69,4,5,5,LARGE
15174633,"Downtown Inn Asheville, NC #1 King",Terra,6671039,Oshkosh,WI,$1582.28,4,5,6,LARGE
15192947,Historic West Asheville Personal Retreat and Spa,Terra,6671039,Hatillo,PR,$1211.94,4,2,6,LARGE
15194828,Shenandoah Room,Lauralee,6934513,Hanceville,AL,$1828.71,4,2,7,LARGE
15229458,Farmhouse King - MNT Sunsets - HOT TUB -,Lauralee,6934513,Rosholt,SD,$1428.28,3,5,7,MEDIUM
15231248,D&D's Dog-friendly West Asheville AirBnb,April,1545246,Pineville,NC,$2811.54,1,3,6,SMALL
15271420,Little Cabin in the Woods,April,1545246,Newcastle,TX,$4347.82,3,5,4,SMALL
15289199,Cabin-Wood Fireplace-Hot Tub-Pool,April,1545246,New Cumberland,PA,$449.14,1,1,5,LARGE
15327549,"A Secret Bungalow -Walkable to Downtown,",April,1545246,Randall,IA,$16.55,2,4,6,LARGE
15339276,"Historic Montford's Landmark Keyhole House, Suite Two",April,1545246,Wooldridge,MO,$1641.29,1,4,8,MEDIUM
15343687,@home off Haywood,Alison,6517407,Pinehill,NM,$4445.02,2,3,5,SMALL
15345095,"Historic Montford's Landmark Keyhole House, Suite One",Alison,6517407,Northport,NY,$2747.93,1,4,8,MEDIUM
15351409,Quiet Haven Tiny House-Hottub-Pets- Asheville Mtns,Alison,6517407,Saint Onge,SD,$348.47,3,3,5,SMALL
15355010,"5 Points Bungalow, Garden View/Walk to Downtown",Alison,6517407,Morley,IA,$171.35,3,4,5,MEDIUM
15359380,"5 Points Bungalow, Your Home in Asheville",Irma,2703239,Wood Dale,IL,$4373.46,1,5,4,SMALL
15431178,Pet friendly craftsman in the heart of Asheville,Lisa,3427007,Spring,TX,$4789.48,4,1,8,SMALL
15437202,Cozy and Quiet on Hemphill,Lisa,3427007,Colbert,OK,$239.46,3,4,8,LARGE
15444450,City Sanctuary,Lisa,3427007,Leola,PA,$2630.32,1,4,5,SMALL
15462269,Brand New Log Cabin...close to downtown Asheville!,Lisa,3427007,Ponce,PR,$3113.04,1,5,5,MEDIUM
15476300,Comfortable Home near to WNC Ag Center,Jane,6434305,Rowlesburg,WV,$4962.28,2,2,7,MEDIUM
15481467,"Guests Love The Location, Best of Asheville At Our Doorstep",Allison & Peter,8524074,Stockholm,NJ,$3666.82,2,1,6,SMALL
15484732,Holly Hill Apartment,Allison & Peter,8524074,Garnett,SC,$4048.81,4,1,6,LARGE
15510852,Downtown hideaway! Walk everywhere!,Allison & Peter,8524074,Maurice,LA,$1972.7,3,5,8,LARGE
15530268,Private apartment ~2 mi  from downtown Asheville,Allison & Peter,8524074,San Juan,PR,$1585.04,4,5,4,SMALL
15544670,Apt Close to Everything in Asheville- $1600/mo!!,Frank & Peter,1119602,Tieton,WA,$527.14,2,1,7,SMALL
15546661,The Snook Nook ~ A Mountain Retreat In Asheville,Mary,6505147,Greensboro,NC,$2257.13,3,1,8,SMALL
15547377,"Willow Haven, near Asheville",Mary,6505147,Gloversville,NY,$160.21,1,4,8,MEDIUM
15568000,"Namaste Yurt, best of both worlds",Jennifer,7103114,Washington,DC,$3034.87,1,5,7,MEDIUM
15577790,New Guest House in West Asheville- It's A Retreat!,Jennifer,7103114,Mercersburg,PA,$876.1,1,5,4,LARGE
15647883,West Nest on Haywood Road,Jennifer,7103114,East Dixfield,ME,$4740.58,2,3,5,LARGE
15653105,Traveler's Home. Monthly rates.,Jennifer,7103114,St Columbans,NE,$1857.89,2,4,5,MEDIUM
15664695,Lovely lower level suite at the Blue Ridge Parkway,Jennifer,7103114,Matoaka,WV,$3740.7,3,2,5,MEDIUM
15685101,"Private studio near downtown, Biltmore & breweries",Jim And Jan,3943159,Booneville,MS,$4695.63,3,3,6,LARGE
15701324,Mtn Retreat 'Suite'  Dntwn 5 min  Private Entrance,Ranse,1186518,Beltrami,MN,$4537.15,4,4,6,SMALL
15706129,"Private, dog friendly, king studio with garage!",Kaylen,2246899,Glade Park,CO,$1643.11,3,3,7,SMALL
15718256,Rancho54oh- Spacious & Convenient!,Sherri,6538086,Herman,PA,$1944.87,4,3,6,MEDIUM
15757654,Heart of Asheville Bright n' Peaceful Apt.,Sherri,6538086,Craigsville,WV,$2967.83,4,3,7,MEDIUM
15780601,Artist's Retreat in Hip West Asheville,Sherri,6538086,North Reading,MA,$217.11,4,5,5,MEDIUM
15788106,"Cozy, quiet retreat near Blue Ridge Parkway. 2 bed",Sherri,6538086,Roanoke,TX,$4816.89,4,1,6,LARGE
15805048,Carriage House (Monthly),Stephanie,1492466,Hegins,PA,$91.92,3,2,7,SMALL
15827350,Windsor Forest Inn(Sierra Nevada 3 miles away!),Stephanie,1492466,Redwood Estates,CA,$3952.92,2,1,5,LARGE
15830900,"Rustic Updated Clean Cabin Asheville, Biltmore",Stephanie,1492466,Rangeley,ME,$3167.74,4,4,8,SMALL
15867765,Historic Church in The River Arts District,Melissa & Ron,3015840,Randolph Center,VT,$2246.2,3,5,4,SMALL
15868200,Awesome Asheville,Melissa & Ron,3015840,Bloomfield,IN,$1903.38,1,2,8,SMALL
15922343,Perfect apartment and location in perfect town,Melissa & Ron,3015840,Mission,KS,$1290.43,3,2,5,LARGE
15929513,Zen Style Oasis in the Mountains,Melissa & Ron,3015840,Brookton,ME,$431.83,4,5,6,MEDIUM
15936945,Asheville Clouding Around - A Million Dollar View,Melissa & Ron,3015840,Okawville,IL,$1237.61,3,1,5,LARGE
15995355,Vibrant NEW Montford apartment- walk to downtown,Ada,3817011,Springdale,UT,$4555.15,2,3,5,LARGE
16003488,Affordable downtown penthouse. The best deal!!!,Ada,3817011,Caguas,PR,$3410.41,3,5,7,SMALL
16024372,New Tiny House near Downtown and Blue Ridge!,Robert,4642855,Bear River City,UT,$1824.08,2,1,6,MEDIUM
16037508,Home for 6-7 People in South Asheville,Jeremy,4705510,Warren,IN,$2830.21,1,4,5,MEDIUM
16147877,Sandy's Place,Becky,6429757,Massillon,OH,$598.83,3,2,6,SMALL
16155218,Great One Bedroom Get-Away,Becky,6429757,Gramling,SC,$3812.42,4,2,4,MEDIUM
16203903,The Parkwood Tree House,Becky,6429757,Gambell,AK,$3847.95,2,3,8,MEDIUM
16267469,"1 BDRM, 2 miles to DWTN. Great for nurse/doc",Micah,3663387,Winslow,IN,$3536.9,3,3,7,LARGE
16284364,Asheville Travelers' Haven,Micah,3663387,Andover,OH,$1796.62,2,1,7,MEDIUM
16284468,Downton Shabby,Micah,3663387,Penuelas,PR,$4519.19,3,1,7,SMALL
16294435,"Retro Asheville Ranch - 3 bedrooms, lots of room!",Cody,2770409,Rushville,MO,$1552.21,2,1,4,LARGE
16350883,The exact location you want to be!,Cody,2770409,San Pablo,CA,$4466.75,1,1,8,MEDIUM
16384751,Comfortable room with queen bed,Pamela,2616094,Paulden,AZ,$78.77,3,1,7,LARGE
16446590,MicroLuxe in Heart of Downtown,Pamela,2616094,Newport,TN,$943.1,2,1,7,SMALL
16451105,Luxury in an Artist's Loft as Base for Exploring Asheville,Janae,1401121,Dewey,OK,$2241.94,4,1,4,SMALL
16476358,Private Suite: Walk to Biltmore and Breweries,Janae,1401121,Binghamton,NY,$766.96,1,2,7,MEDIUM
16477857,Live in a Work of Art!,Janae,1401121,Remer,MN,$4936.11,2,1,6,MEDIUM
16512718,Quiet North Asheville Retreat,Janae,1401121,Cayey,PR,$135.01,4,3,7,MEDIUM
16532936,Cozy 3Bed+2b But yet So convenient,Janae,1401121,Franklin,NC,$2794.59,1,5,6,MEDIUM
16533200,Mountain Getaway close to downtown and Grove Park,The Lion And The Rose,3553565,Castle Point,NY,$1711.75,2,5,4,MEDIUM
16541497,West Asheville hidden gem,Vicki,2671305,Pedro,OH,$3843.51,3,4,7,LARGE
16566334,Comfy Asheville Cottage with Private Fenced Yard,Vicki,2671305,Manly,IA,$2702.37,3,2,7,MEDIUM
16566932,West Asheville Carriage House,Cody,2770409,El Paso,AR,$1944.06,2,5,5,SMALL
16587446,Spacious Downtown Asheville Loft,Cody,2770409,UNA,SC,$1707.07,1,5,5,MEDIUM
16603497,Treehouse Chalet above Downtown and Winding Road!,Cody,2770409,Woodstown,NJ,$4825.25,4,1,6,SMALL
16603859,Historic 1950s Tiny Home - $6 Uber to Downtown,Cody,2770409,Corrigan,TX,$3574.32,4,3,4,LARGE
16627563,Walking Distance To Downtown-South Slope-River Art,Michele & Dana,5754188,Longs,SC,$628.42,4,2,5,LARGE
16636978,Cozy private apartment minutes from Sierra Nevada,Michele & Dana,5754188,Auburn,IL,$3217.6,4,1,5,LARGE
16652322,Boho-Chic Downtown Loft,Michele & Dana,5754188,Greensboro Bend,VT,$1912.02,3,5,7,LARGE
16660917,"Sweet Cottage With Hot Tub, Near Downtown",Kathryn,3586072,Cayey,PR,$3633.44,3,3,7,SMALL
16663252,Walkable West Asheville Home in the Trees,Kathryn,3586072,Blackwell,MO,$4818.81,1,2,6,SMALL
16733596,Boutique Room in Tranquil Surroundings Three Blocks to Town,Paula,3461414,Fort Blackmore,VA,$213.5,4,1,6,MEDIUM
16742264,Front Private room w King Bed,Jonathan,6279732,Sayre,PA,$4887.1,4,4,4,LARGE
16810083,Explore Asheville,Jonathan,6279732,Tipton,CA,$3661.81,3,1,8,SMALL
16826141,Stunning Barn Loft Just Outside of Asheville,Jonathan,6279732,Milford,VA,$3847.27,4,4,6,LARGE
16846899,Oasis close to downtown,Helene,2460720,Madelia,MN,$3680.55,2,3,8,LARGE
16868257,Taylor Ranch Retreat - Secluded yet close to Asheville,Helene,2460720,Caguas,PR,$4199.49,3,3,8,MEDIUM
16937948,Avery's Creek-Swimming Pool/Hot tub-Close To Asheville & Shopping/Food/Hiking.,Helene,2460720,Milan,IL,$3554.75,1,2,7,LARGE
16937957,Cove Cottage - Charming Cottage Located Right Outside Downtown Asheville; easy access!,Helene,2460720,Plain City,OH,$2089.7,3,1,7,SMALL
16937995,"Upstream Cottage; Asheville & River Arts-Close to everything! Breweries, eateries, hiking!",Helene,2460720,Mehama,OR,$3049.43,3,1,7,MEDIUM
16977918,Cedar Cabin with Forest Canopy Deck,BonPaul,9518578,Annville,PA,$3628.7,1,1,7,SMALL
17036413,"Clean, Comfy and Convenient S. Asheville Condo",BonPaul,9518578,South Boston,VA,$3447.9,4,4,4,MEDIUM
17095670,Downtown Escape!,BonPaul,9518578,Harrisonville,NJ,$146.23,3,1,7,SMALL
17116810,Beaucatcher Mountain Retreat,BonPaul,9518578,Wawaka,IN,$3309.75,1,3,5,MEDIUM
17155164,Beautiful Mountain Views 5 Minutes to Downtown,BonPaul,9518578,Decatur,OH,$1259.37,4,2,6,LARGE
17157429,"Explore AVL from this Stylish, Cozy Apartment",Stephen,2935015,Elk Mountain,WY,$2211.04,1,3,5,SMALL
17310280,Tiny House - Giant Views,Stephen,2935015,Redmond,WA,$1760.02,2,4,6,SMALL
17345566,Skye Haven - Views! Romantic getaway 3 mi. to town,Stephen,2935015,Winslow,IN,$2758.02,3,2,6,MEDIUM
17364637,Apartment with Private entrance and Private Bath.,Stephen,2935015,Terry,MT,$1892.62,2,2,5,LARGE
17395670,Charming Red Roof Home In Tiny Farms,Stephen,2935015,Elmer,NJ,$1813.97,3,1,4,LARGE
17403585,ADVENTURE LAUNCH PAD,Elizabeth,4207028,Steeles Tavern,VA,$28.97,2,1,4,LARGE
17416267,Downtown and Biltmore Just Down the Road!,Elizabeth,4207028,Greenland,AR,$1696.8,4,3,8,SMALL
17446056,Front Porch Charm,Rob,6837520,Leoti,KS,$999.62,4,1,4,MEDIUM
17464124,Tiny House - Must Love Dogs,Rob,6837520,Shreveport,LA,$84.85,2,4,8,LARGE
17529983,Garden Apt in Historic Neighborhood of Asheville,Andrew,7612705,Somes Bar,CA,$3596.16,3,4,7,SMALL
17552287,Family Friendly Apartment in Beautiful North Asheville,Sherri,1365964,Renault,IL,$4737.47,3,4,5,MEDIUM
17591050,Historic Home Near Downtown Asheville Pvt Bed/Bath,Janae,1401121,Big Lake,TX,$3967.22,1,4,5,SMALL
17606368,"Hidden Cove on the doorstep of Downtown Asheville; HOT TUB, Game Rm, LUXURY!",Janae,1401121,Los Angeles,CA,$3642.45,3,2,4,LARGE
17618702,Mountain Chalet close to Biltmore,Janae,1401121,Miami,OK,$3051.77,3,1,8,MEDIUM
17634705,"Warm, Relaxed Home in West Asheville",Janae,1401121,Longmont,CO,$3971.28,2,3,4,MEDIUM
17638102,True Asheville B&B- Wall Street Room- 2nd Floor,Janae,1401121,Salyersville,KY,$4671.21,4,3,6,MEDIUM
17648416,Private Bungalow Ten Minute Walk to Downtown Asheville,Evlyn,1453082,Lock Haven,PA,$1483.87,4,2,7,MEDIUM
17649947,Getaway to Blue Ridge Mountains-West Asheville,Evlyn,1453082,Farmerville,LA,$3180.41,4,2,6,SMALL
17653835,Just West of West Asheville Studio,Jenna And Chris,5453232,Grand Ridge,IL,$3511.49,2,1,4,SMALL
17697321,"""Super Close to Everything,""  Private Studio",Jenna And Chris,5453232,Abilene,TX,$1152.75,4,3,6,LARGE
17726977,Cozy Private Suite Near Biltmore & Downtown,Jenna And Chris,5453232,Saint Helena Island,SC,$3811.6,2,4,8,LARGE
17743775,Orchard House,Jenna And Chris,5453232,Banks,AR,$3005.54,3,1,8,SMALL
17780854,Serene Private Bed & Bath for Female Travelers,Jenna And Chris,5453232,Edwards,CO,$3108.31,3,5,8,MEDIUM
17787933,Urban Oasis in Asheville,Bradlee,2188118,Clarks Summit,PA,$4999.93,2,3,7,LARGE
17794306,Beer City Room - Heart of West Asheville,Reid,4835434,Henderson,TX,$2556.92,4,2,7,SMALL
17826503,üå≤Charland Chalet üå≤Guesthouse 5 Min to Town & BRP,Reid,4835434,Saint Germain,WI,$3110.02,2,5,4,SMALL
17861930,Magical large apartment downtown!,Reid,4835434,Swedesboro,NJ,$1177.63,3,2,4,LARGE
17917678,Lovely Private Apt. - Historic Home & Neighborhood,Reid,4835434,Amboy,IL,$2415.37,1,5,6,LARGE
17935396,Retreat on Town Mountain,Wendy,3343747,Farmersville,OH,$2530.05,4,3,8,SMALL
18017043,Dragonfly Cottage,Wendy,3343747,Atlanta,ID,$615.6,3,4,7,MEDIUM
18018230,"Dragonfly Cottage II ,  Cozy Cottage in Downtown",Wendy,3343747,Dorado,PR,$3193.17,4,4,7,MEDIUM
18022683,The West Asheville Loft,Wendy,3343747,Booneville,MS,$3304.42,4,1,8,MEDIUM
18055958,Mountaintop Hideaway,Wendy,3343747,Tuckerton,NJ,$91.02,1,2,5,SMALL
18092896,River Arts Comfy Getaway - Long Term (30-90 days),Timothy,6370150,San Luis Obispo,CA,$873.43,1,3,7,LARGE
18117417,Sublime Montford Home - Walk to Downtown - Dante's,Timothy,6370150,Gilford,NH,$2295.14,1,1,8,MEDIUM
18119864,Sunnyside,Sarah,1892333,Delcambre,LA,$995.1,1,1,5,LARGE
18121899,Casa de Lobos - N. Asheville,Sarah,1892333,Lebanon,PA,$3551.64,4,1,6,SMALL
18122227,Close to Everything in Beautiful Asheville,Sarah,1892333,Jonesville,TX,$3162.94,2,2,4,SMALL
18151750,Gashes Fluss Haus,Sarah,1892333,Lincoln,NE,$3425.37,4,1,7,SMALL
18178954,Luxury Suite with Blissful Comforts,Adam,6962302,Chenango Forks,NY,$1705.55,4,2,7,SMALL
18179308,Mountain View Getaway,Adam,6962302,Dumas,MS,$462.4,2,2,8,LARGE
18264441,Cute Craftsman Asheville Suite,Adam,6962302,Churubusco,IN,$4803.06,1,3,8,LARGE
18308309,"Downtown Inn Asheville, NC #2-King",Adam,6962302,Marine,IL,$4210.03,4,4,8,LARGE
18308656,"Downtown Inn Asheville, NC #3-King",Linda,3737747,San Juan,PR,$4843.72,2,4,8,SMALL
18308869,"Downtown Inn Asheville, NC #4-King",Linda,3737747,Albany,IN,$976.48,4,3,6,MEDIUM
18308979,"Downtown Inn Asheville, NC #5-King",Linda,3737747,Loving,TX,$1044.68,1,1,7,SMALL
18309080,"Downtown Inn Asheville, NC #6-King",Linda,3737747,Ellery,IL,$1883.95,2,2,8,LARGE
18375617,Cozy Mountain Cottage,JC And John,2387797,Lolita,TX,$929.66,3,1,5,LARGE
18389884,"Downtown Inn Asheville, NC  #7-King",JC And John,2387797,Barnard,VT,$3639.32,4,3,6,MEDIUM
18393059,Charming Arts & Crafts home in West Asheville,JC And John,2387797,Salt Lake City,UT,$2804.89,1,4,7,LARGE
18404153,"Downtown Inn Asheville, NC #8-Double",Amanda,4475155,Hudson,IN,$2586.81,2,4,7,LARGE
18405483,"Downtown Inn Asheville, NC #9-Double",Alison,6517407,Salinas,PR,$1481.72,1,3,6,LARGE
18406520,"Downtown Inn Asheville, NC #10-Double",Alison,6517407,Kaplan,LA,$2874.82,4,3,5,MEDIUM
18422959,The Red Rooster Bungalow,Emilio And Kate,4611378,Mc Kee,KY,$4844.22,3,3,4,SMALL
18431805,"Modern Suite by New Belgium, River Arts District",Emilio And Kate,4611378,Yakima,WA,$1535.21,3,3,8,MEDIUM
18466431,My Green Escape,Emilio And Kate,4611378,Washington,DC,$1634.67,1,4,8,SMALL
18471514,Robin's Nest by Robin!,Emilio And Kate,4611378,Gatlinburg,TN,$860.51,2,2,5,LARGE
18473371,West Asheville Bamboo Bungalow near French Broad River,Jennifer,6099669,Townville,PA,$2706.67,3,4,6,LARGE
18487194,*Squad Bunker* ~ Perf Chill Pad for Groups & Pets!,Marc & Fay,2979437,Westport,NY,$4129.03,4,1,4,LARGE
18521819,Convenient + modern spot:  central North Asheville,Marc & Fay,2979437,Bridgeton,NJ,$3677.85,2,1,4,LARGE
18599205,COZY WALKABLE WEST ASHEVILLE MODERN SUITE,Camille (Cammie),5120557,Potsdam,NY,$3293.15,2,1,4,LARGE
18616393,Central AVL - 2BD/1BA Hideaway - 5min to DT,Camille (Cammie),5120557,Glens Falls,NY,$1208.31,1,5,5,LARGE
18627613,Private apartment w/ kitchen and laundry,Camille (Cammie),5120557,Hamtramck,MI,$3300.82,3,2,5,LARGE
18716194,Blue Ridge Fire Tower,Camille (Cammie),5120557,Colfax,LA,$2197.84,1,2,6,SMALL
18721359,The Acorn Guesthouse,Camille (Cammie),5120557,Pinewood,SC,$2751.41,4,3,4,MEDIUM
18731242,Asheville Luxury Socially Distant Retreat,Shanti,3337196,Gray,ME,$4704.42,1,3,5,LARGE
18751432,LOCATION : 2 mi to Downtown/Breweries/restaurants,Shanti,3337196,Orwell,OH,$999.18,1,2,4,MEDIUM
18754939,Cozy Cool Farmstead Studio!,Birgit,2851298,Platina,CA,$3895.13,2,1,8,SMALL
18776404,North Liberty House,Birgit,2851298,Allenton,MI,$4654.3,1,5,8,LARGE
18784621,"Downtown love, downtown life.",Birgit,2851298,Georgetown,OH,$1144.45,4,3,8,LARGE
18907430,North Liberty House 2,Suzanne,6817517,Mauldin,SC,$1058.13,1,4,4,SMALL
18910863,Magical Mountain Mod Near Downtown,Kwadwo,5828658,Spring Valley,NY,$813.85,2,5,5,SMALL
18918238,Asheville Getaway...Fenced in Backyard!,Kwadwo,5828658,Lincolnshire,IL,$4763.46,1,1,6,MEDIUM
18928361,The Azalea Cabin,Kwadwo,5828658,Nooksack,WA,$4890.41,4,3,5,MEDIUM
18929549,Off the Beat Inn Path,Kwadwo,5828658,Canton,KS,$2962.24,2,1,4,SMALL
18974593,Asheville Escape minutes to downtown! NEW FIRE PIT,Kwadwo,5828658,Tulsa,OK,$1722.26,2,5,5,LARGE
19032051,Chestnut House,Jane,3746961,Willow City,TX,$1184.96,2,4,5,LARGE
19050500,West Asheville Hilltop Hideout,Jane,3746961,West Bridgewater,MA,$2823.02,1,5,4,MEDIUM
19066373,West Asheville Yellow Bungalow on Haywood,Marc & Fay,2979437,Marlboro,NY,$2042.88,2,5,7,LARGE
19066512,"Entire Asheville Home - Walkable, Monthly Rental!",Marc & Fay,2979437,Venice,LA,$4625.16,1,1,7,MEDIUM
19077911,Bear Retreat,Marc & Fay,2979437,Harold,KY,$4575.31,4,4,4,MEDIUM
19103146,West Asheville Arts and Craft Bungalow,Terra,6671039,Washington,VT,$116.97,3,3,4,SMALL
19110626,Mountain views,Terra,6671039,Cambridge,MA,$3154.3,2,4,7,MEDIUM
19118629,Just Beyond Utopia,Terra,6671039,South Walpole,MA,$859.12,2,3,5,LARGE
19120555,"River, Mountain Modern close to everything",Evlyn,1453082,White Plains,NY,$3455.32,2,3,5,SMALL
19129020,Asheville Cozy Log Cabin Urbane Retreat 90 day +,Evlyn,1453082,Lawnside,NJ,$3961.6,1,2,7,SMALL
19135906,Asheville Red Cottage - cheerful cozy city home.,Evlyn,1453082,Santa Fe,NM,$189.31,4,2,8,LARGE
19137905,Quiet Living Space Close to Downtown - West AVL,Frank & Peter,1119602,Los Ojos,NM,$3162.86,4,2,7,LARGE
19229221,Modern Bohemian Central Loft,Frank & Peter,1119602,Canada,KY,$1979.63,1,3,4,LARGE
19262092,Walkable and Tranquil One Bedroom Apartment,Birgit,2851298,Bonham,TX,$3399.38,2,4,8,SMALL
19264539,West Asheville Apartment at Haywood Bungalow,The Lion And The Rose,1014633,Seth,WV,$456.4,3,4,8,SMALL
19273710,"Cozy Country Cottage, Ten Minutes from Downtown!",The Lion And The Rose,1014633,Las Vegas,NM,$4812.83,3,2,4,MEDIUM
19326768,VERY CLOSE TO DOWNTOWN- Peacock Escape,The Lion And The Rose,1014633,Saint Paul,MN,$3283.71,1,3,5,MEDIUM
19340532,Asheville Cottages Resort-Immaculate & Luxurious,JC And John,2387797,Plummers Landing,KY,$4707.38,1,4,8,SMALL
19381523,"Jaw Dropping Views, Minutes to Downtown, Location!",Narendra,4490744,Goodview,VA,$4594.46,3,3,8,LARGE
19387344,Asheville Forest / Hot Tub Oasis,Becky,6429757,Cameron,NC,$2814.7,4,1,4,SMALL
19388286,Hot Tub Heated Bathroom Floors and VERY CLEAN!!!,Becky,6429757,Wolcott,VT,$171.12,2,3,8,SMALL
19415618,Country Chic Home in South Asheville,Becky,6429757,Copperhill,TN,$4771.3,2,3,6,LARGE
19439841,Cozy Hideaway in heart of Downtown Asheville,Laura,4387678,Baldwyn,MS,$423.26,4,4,6,LARGE
19453046,"W. Asheville Home, Easy Access to Downtown & R.A.D",Laura,4387678,New Haven,OH,$4155.9,3,2,8,LARGE
19529697,Spacious Asheville Getaway close to everything,Laura,4387678,Barnesville,GA,$1943.3,4,2,6,LARGE
19531546,West Asheville Epicenter - NC Vacation Rental,Laura,4387678,Austin,NV,$745.65,3,3,5,LARGE
19548415,"Private Suite, private entry.",Laura,4387678,North Loup,NE,$4072.33,1,4,4,LARGE
19561946,"Downtown Artist Dream, Walk everywhere!",Luba,5513855,Elysburg,PA,$1339.95,3,2,4,MEDIUM
19608022,North Asheville Storybook Cottage--Dog Friendly!,Luba,5513855,New Salem,IL,$1482.58,2,2,5,LARGE
19609285,Slice of Heaven in Asheville,Luba,5513855,Assawoman,VA,$2080.76,3,5,8,LARGE
19620931,Location Location Location!   Downtown Asheville,Luba,5513855,Bloomingdale,MI,$4081.34,4,5,8,SMALL
19700502,Westside Wayside,Luba,5513855,Allenspark,CO,$3194.35,4,2,8,LARGE
19719866,West Asheville Bungalow,Becca,6101096,Burlington Flats,NY,$468.87,1,3,4,LARGE
19742574,Safe & Clean in Artsy WAVL,Michele & Dana,5754188,York,PA,$4831.19,4,4,8,LARGE
19785945,Artists Woodside Home with Private Entrance,Michele & Dana,5754188,Ironside,OR,$4227.11,3,3,6,SMALL
19787532,Montford  Charmer Close to Downtown Asheville,Michele & Dana,5754188,Coudersport,PA,$4023.94,2,2,6,SMALL
19790687,Artsy Mountain View Loft,Michele & Dana,5754188,West Hempstead,NY,$4804.01,1,2,5,SMALL
19809125,Private Simple Guest Suite close to Downtown,Michele & Dana,5754188,Sidney,NY,$2852.11,3,5,7,SMALL
19811549,Spend your Christmas with Magnolia Farm.,Nicole,6153532,Newville,PA,$4921.69,4,1,7,LARGE
19870831,Asheville: A Stamp of Approval,Nicole,6153532,Rio Grande,PR,$865.58,2,3,6,MEDIUM
19982717,Heavens Little Haven Two,Nicole,6153532,Vinton,OH,$4313.35,3,2,4,SMALL
20008452,Hideaway Cabin in the City!,Nicole,6153532,Mayaguez,PR,$4710.23,1,5,8,SMALL
20016326,5-star Farmhouse in the City,Nicole,6153532,Winchester,KS,$1185.08,4,1,4,LARGE
20036903,Fashionable Gem in the Heart of West Asheville,Lori & Lizzie,4695156,Gould,AR,$1013.75,4,3,6,MEDIUM
20069569,Private Apartment in Quiet Mountain Neighborhood,Lori & Lizzie,4695156,Woodruff,WI,$465.71,2,4,5,LARGE
20070593,'Le Canard' Arden Home w/Fire Pit - Near Asheville,Lori & Lizzie,4695156,Downing,MO,$1564.62,4,4,4,LARGE
20074883,"Guest Suite of New,Modern House 5 min to Downtown",Robert,4642855,Sheppard AFB,TX,$3796.51,2,5,8,SMALL
20089787,Downtown Asheville walkable retreat,Robert,4642855,Venango,NE,$16.08,1,1,6,LARGE
20091731,Holly Cottage,Robert,4642855,Mannford,OK,$81.62,3,2,6,SMALL
20131746,Wentworth Cottage 2 miles from downtwn & Biltmore.,Ashley,2644456,Cass Lake,MN,$3183.99,4,5,6,MEDIUM
20146236,"‚ú• The White House ‚ú• 9 min to DT A-Ville, Sleeps 8+",Ashley,2644456,Crum Lynne,PA,$2086.28,3,4,8,LARGE
20153545,West Asheville Gem!,Ashley,2644456,Mountain Home,ID,$1555.15,1,4,8,LARGE
20153704,"Private Studio Near UNCA, Greenway, RAD & Downtown",Ashley,2644456,Blanco,NM,$993.64,4,1,6,SMALL
20154151,"Montford Oasis, 1 mile from Downtown Grove Arcade!",Bonnie,3039933,Carmel Valley,CA,$4817.68,2,5,6,MEDIUM
20174263,Hemlock Hill Hideaway Log Cabin,Bonnie,3039933,Shelley,ID,$3005.51,4,2,8,SMALL
20174635,Your serene cabin in the woods,Bonnie,3039933,Orleans,IN,$4056.32,2,2,8,SMALL
20192369,Sunporch Suite w/ private entrance (2 Bedrooms),Carol,1721706,Converse,LA,$451.38,4,2,8,MEDIUM
20208429,Historic Rose Cottage in River Arts District,Camille (Cammie),5120557,Williamsport,PA,$2555.97,3,3,6,MEDIUM
20241154,Charming Mountain View Home Perfect for Social Distancing,Camille (Cammie),5120557,Middleton,MA,$1591.06,3,2,5,SMALL
20255923,Sunrise Perch - High on a mountain & close-in,Camille (Cammie),5120557,Ancona,IL,$2036.28,2,3,4,MEDIUM
20268605,Eclectic and Stylish Simplicity in a Rustic Setting,Camille (Cammie),5120557,Grifton,NC,$1563.23,1,5,6,SMALL
20294011,Historic Mill House @ Martel Vlg; 10mins to Dwntwn,Camille (Cammie),5120557,Ponce De Leon,MO,$4136.71,1,1,7,SMALL
20309680,Montford Garden Apartment - Walk Downtown!,Susan,4846353,Berthold,ND,$1116.59,2,4,4,MEDIUM
20328686,"Lucky W Ranch House-Great for Gatherings, Close to Downtown",Susan,4846353,Laconia,NH,$2691.3,3,5,7,LARGE
20395878,Private and Spacious South Asheville Oasis,Justin,3815102,Biscoe,AR,$2223.94,4,4,7,SMALL
20408452,"The ""NYC Studio"" in the Airplane House",Justin,3815102,Mertztown,PA,$4531.91,2,2,5,LARGE
20435375,Perfect feel - Asheville home base,Justin,3815102,Prairie City,OR,$4290.5,2,4,5,MEDIUM
20439998,Unique urban location in historic Montford (1/4),Leland,6529771,Delhi,NY,$897.3,2,4,5,MEDIUM
20441967,West AVL Family Funhouse ‚Ä¢ 5mi to AVL ‚Ä¢ Views,Noah,2007542,Foothill Ranch,CA,$3856.42,2,3,6,MEDIUM
20456656,EZ Access 2 the Heart of AVL & Blue Ridge Pkwy.,Noah,2007542,Miami,FL,$4147.86,1,5,4,SMALL
20462071,Rustic Mountain Cabin close to everything!,Noah,2007542,Conover,NC,$408.19,2,2,4,LARGE
20465164,Local's Bungalow in the Heart of West Asheville,Noah,2007542,Lucedale,MS,$1011.25,3,5,6,LARGE
20473937,1907 Craftsman with Kitchenette in Historic Chicken Hill,Noah,2007542,Weiser,ID,$187.55,1,3,6,LARGE
20504787,PRIVATE & Cozy Guest House-Easy Access to Downtown,Cherylin,2556747,VAB,VA,$583.96,3,5,7,LARGE
20515199,"King-sized Bed in Bent Creek, Asheville Cozy Room",Cherylin,2556747,Saint Peters,MO,$1730.39,1,2,4,SMALL
20527549,Experience spending a night floating in a forest,Cherylin,2556747,Gosport,IN,$1863.31,4,1,4,MEDIUM
20570236,Spacious Guest Suite/Apt close to downtown fun!,Cherylin,2556747,South Montrose,PA,$2839.37,2,5,8,MEDIUM
20583406,"HayLo in Hip West Asheville: Walk, Bike, Ride!",Cherylin,2556747,Rockport,IN,$2791.52,2,5,5,LARGE
20624327,Parkway Paradise -1.5 Mi Away - 6 Mi to Downtown,Sivanne,7315884,Avon,CT,$178.53,1,5,6,MEDIUM
20624404,Healing & Yoga Home 10min from Dtwn Asheville #I,Sivanne,7315884,Mount Vernon,VA,$407.66,2,1,8,SMALL
20638444,Foxhaven Long Range Mountain Views in Asheville,Sivanne,7315884,South New Berlin,NY,$3157.62,3,4,6,MEDIUM
20653416,'Riverview' Home w/Decks on the Asheville Greenway,Pat,1432920,Elma,IA,$908.48,1,1,8,SMALL
20663042,Private lower level suite,Pat,1432920,Tallahassee,FL,$4521.89,4,2,6,MEDIUM
20665144,"Perfect Friends/Family Getaway, Min to Everything",Pat,1432920,Converse,SC,$1745.99,2,1,5,LARGE
20692815,"Walkable West Asheville, entire guest suite.SWEET!",Pat,1432920,Mexico,IN,$3918.73,1,3,8,SMALL
20694871,"Comfortable, quiet South Asheville stay",Patrick,7507118,Medina,TN,$3452.29,2,2,7,SMALL
20695367,West AVL Gem! 7 minutes to Biltmore & great for 4!,Patrick,7507118,Sycamore,PA,$2240.58,1,1,6,MEDIUM
20697183,Serinity Knoll,Jeremy,4705510,Camuy,PR,$543.48,1,3,4,MEDIUM
20697346,Walk 2 Downtown/RAD. Cozy Bungalow,Elizabeth,1087715,Spearsville,LA,$3096.26,3,3,6,MEDIUM
20744040,Modern Mountain Retreat in North Asheville,Elizabeth,1087715,Big Falls,WI,$3177.37,4,3,8,LARGE
20744323,Gorgeous home on the Blue Ridge Parkway,Elizabeth,1087715,Pierceville,IN,$2417.46,4,5,5,SMALL
20747532,Nana‚Äôs Crafted Cottage,Elizabeth,1087715,Laurens,IA,$4103.48,1,3,7,LARGE
20759062,Grove Park Guest Suite - Walk to the Grove Park,Andrea,6800038,Quinlan,TX,$1028.87,4,3,4,LARGE
20760789,Asheville Mountain Retreat @ 5 miles from downtown,Andrea,6800038,Barnum,MN,$1025.99,2,2,6,LARGE
20762155,Beautiful Montford Hideaway! Minutes from Downtown,Andrea,6800038,Manheim,PA,$899.18,1,4,5,LARGE
20773653,City Home in Private Setting,Andrea,6800038,Cleveland,TX,$782.72,3,2,6,MEDIUM
20774579,Om Sweet Om - W. Avl- Solar powered green home!,Ashley,2644456,Haughton,LA,$2124.94,1,3,7,MEDIUM
20779200,The Asheville Oak,Tammy,3615222,Redwood Valley,CA,$3859.87,4,1,7,MEDIUM
20785720,Balcony Cottage in Town--Oasis of Calm,Tammy,3615222,Crucible,PA,$537.28,1,3,6,LARGE
20801691,Natural Retreat For Two,Brian And Cadence,3322795,Ponca City,OK,$756.6,4,5,6,MEDIUM
20804217,The New HiTop Studio In Hip West Asheville,Brian And Cadence,3322795,Harker Heights,TX,$1435.46,4,2,7,SMALL
20804347,The Dressmaker's Suite,Brian And Cadence,3322795,Interior,SD,$4592.25,3,4,8,LARGE
20815440,"Walk to downtown Asheville, private studio suite",Brian And Cadence,3322795,New Augusta,MS,$349.84,2,2,8,SMALL
20830901,Appalachian Abode-walk to all W-AVL‚Äôs hot spots,Brian And Cadence,3322795,Lagrange,IN,$259.06,4,5,6,MEDIUM
20834615,Newly Renovated Home in Downtown Asheville,Lee,5418421,Dakota,MN,$4526.23,3,1,4,SMALL
20850669,"Cute Cottage w/ Mtn View, Walk to Biltmore Village",Lee,5418421,Williamsburg,MA,$952.9,3,5,5,SMALL
20855873,Cozy downtown walkable retreat.,Lee,5418421,Clinton Corners,NY,$346.88,2,5,4,MEDIUM
20858987,Asheville mountain views and walk to downtown!,Pamella,6272621,Salina,OK,$1234.32,3,2,5,SMALL
20872849,"At Home in Asheville: Comfort, Location, Amenities",Janet,4083163,Fleischmanns,NY,$4330.49,4,1,4,LARGE
20884134,Blue Ridge Haven,Janet,4083163,Magnolia,OH,$605.55,2,1,5,MEDIUM
20910666,La Buena Vista,Janet,4083163,Nathrop,CO,$779.94,3,3,8,LARGE
20915728,Private entrance - 2 rooms with 2 full baths WAVL,Janet,4083163,Hotchkiss,CO,$4837.87,3,5,8,MEDIUM
20916381,Adorable Asheville Cottage 8 minutes to Downtown,Hun,4810540,Leland,IL,$399.96,4,4,5,SMALL
20928043,Perfect Asheville Getaway!,Hun,4810540,Toledo,OH,$45.87,3,2,5,SMALL
20990995,‚òÖ Private Guest Suite ‚òÖ | West AVL + River Arts,Hun,4810540,New Berlin,PA,$1900.23,1,1,6,SMALL
20994069,Stay in a Charming Suite in an Asheville Bungalow,Hun,4810540,Springwater,NY,$2508.22,4,2,6,SMALL
21011400,Refined Home with a River-View Balcony,Theo,6667065,Berwyn,IL,$2713.0,2,2,8,LARGE
21013638,Cozy Mountain Cottage 2.5 miles to downtown,Theo,6667065,Wyoming,NY,$2597.87,1,1,7,SMALL
21023689,Asheville LOCATION & PRIVACY - Dog Friendly,Theo,6667065,Le Mars,IA,$2909.54,4,2,5,LARGE
21094481,"Charming, Early 1900's Cottage",Vicki,2671305,Evant,TX,$58.11,4,1,7,LARGE
21104844,Asheville Sweet Spot,Tori,2705328,Osceola,IN,$4680.73,4,1,7,LARGE
21131816,Beautiful Private Room in Asheville,Narendra,4490744,Troutdale,VA,$3872.78,4,2,4,SMALL
21160267,"CLEAN, MODERN, MINIMAL, QUIET! Great Location!",Narendra,4490744,Juana Diaz,PR,$3778.57,4,1,4,MEDIUM
21174524,Quiet home in West Asheville! (private entrance),Narendra,4490744,Greenwood,ME,$4424.01,3,4,8,SMALL
21176027,The Little Red Porch,Narendra,4490744,Albemarle,NC,$3885.43,3,2,4,SMALL
21189890,"Meadow Run Falls; Downtown Asheville; River Arts District, HOT TUB & more!",Narendra,4490744,Bellingham,MN,$305.71,2,5,5,SMALL
21197685,Ardmore House Guest Suite / One mile frm downtown.,Nessa,3233653,Rockwood,MI,$1357.43,1,5,5,SMALL
21203344,"Comfy suite near Sierra Nevada, Asheville,  hiking",Roger And Mary,3058160,Emerson,NJ,$3570.71,4,1,4,SMALL
21212588,Walk to Neighborhood Restaurants from a Tranquil Guest Suite,Roger And Mary,3058160,Shawnee,KS,$3682.64,2,5,5,MEDIUM
21214062,"Peaceful, Comfortable House in West Asheville",Roger And Mary,3058160,Mannboro,VA,$1209.46,3,5,5,SMALL
21236709,Perfect place for a quick getaway,Roger And Mary,3058160,Stevinson,CA,$4346.71,4,5,6,SMALL
21253016,Oasis in the Trees,Mary,9563767,Olive Hill,KY,$2309.15,1,4,6,MEDIUM
21272098,Perfect Place for a quick getaway 2,Mary,9563767,Proctor,TX,$1071.87,4,2,5,SMALL
21278647,"The Snookmore, Mountainside Refuge with a Hot Tub",Mary,9563767,Pettisville,OH,$2999.45,4,3,7,SMALL
21280708,Studio apartment in mountains of North Asheville,Mary,9563767,Swepsonville,NC,$4731.15,4,2,7,LARGE
21297231,The Shanty~Hot Tub~8 Miles to City of Asheville NC,Lisa,3427007,Boonville,IN,$3024.91,4,3,4,SMALL
21312568,"The Birdhouse: Close to Biltmore, Downtown. SOLAR!",Phaedra,7054557,Kentland,IN,$1576.82,1,1,6,MEDIUM
21345127,Happy Hippy Private Suite!7min->D‚Äôtown & B‚Äômore,Phaedra,7054557,Park Rapids,MN,$3240.47,2,4,4,SMALL
21364022,Cozy Craftsman Bungalow in the Blue Ridge Mts,Phaedra,7054557,Chalmers,IN,$4529.13,3,1,5,MEDIUM
21382558,The Snookery ~ Refuge Perched on a Mountain,Phaedra,7054557,Roe,AR,$1381.3,1,3,4,LARGE
21383423,Woodsy Spot in the City,Elisa,2107022,Prairie Creek,IN,$4457.73,3,1,5,LARGE
21393921,"Historic Montford Bungalow, Walk to Downtown",Elisa,2107022,Eolia,MO,$2883.12,1,1,5,LARGE
21396505,Vista View Townhouse - 10 mins to downtown,Elisa,2107022,Fort Bayard,NM,$1152.59,4,2,5,LARGE
21399365,"Cozy Basement Apt near
Airport/AVL/Breweries/Fun!",Elisa,2107022,Clarence Center,NY,$4739.36,1,5,8,LARGE
21432436,Minimum 30 day rental in lovely Grove Park,Lee,5418421,Ewing,IL,$537.4,3,4,7,MEDIUM
21437451,Town & Tree: Modern Hideaway walk to Downtown,Lee,5418421,Brownsville,KY,$3908.92,3,4,8,SMALL
21449558,Wild Canary Mountainside Retreat/Hidden Nest,Josh,3423951,Caguas,PR,$1798.8,2,2,5,MEDIUM
21456384,Haven Under the Oaks,Josh,3423951,Oakley,CA,$2098.86,1,5,7,SMALL
21486209,Private East Asheville Retreat,Josh,3423951,Miami,FL,$570.82,1,3,8,LARGE
21502620,Sunshine's Daydream in West Asheville,Josh,3423951,Demorest,GA,$3925.8,2,3,5,LARGE
21513021,2 Bedroom Condo blocks to Downtown Asheville,Josh,3423951,Baldwinville,MA,$771.38,3,5,8,MEDIUM
21561017,French Country Guesthouse,Becky,6838668,Blackduck,MN,$4067.26,1,1,8,LARGE
21566026,The Nature Nook near Asheville NC,Becky,6838668,East Lynne,MO,$1811.89,1,2,5,SMALL
21579876,Asheville Mountain Sanctuary (Private 4 Rm Suite),Becky,6838668,Red Oak,TX,$4375.68,2,5,7,SMALL
21580160,Rustic Asheville Cabin on 20 Acres w/Swimming Pond,Becky,6838668,Sinks Grove,WV,$1416.94,3,1,8,MEDIUM
21591133,"Cozy & convenient in Asheville, Grove park area",Steven,3220719,Reynoldsburg,OH,$2389.87,2,5,7,LARGE
21631995,"New Two Bedroom Dream, Close to Everything with Fireplace.",Steven,3220719,Dateland,AZ,$3354.02,1,2,4,MEDIUM
21682891,"Cozy, Convenient: 3 Bdrm Home, 3 miles to Biltmore",Steven,3220719,Bardstown,KY,$952.04,4,1,7,LARGE
21693285,Elegantly Spacious Guest Suite on Elkmont,Steven,3220719,West Coxsackie,NY,$2058.18,1,3,4,SMALL
21709922,Relaxing River Oasis with Pool and Hot Tub,Celeste,2859790,Wiley,GA,$434.52,3,3,8,MEDIUM
21733951,"Immaculate, Traditional Home - S. Asheville 2BRs",Celeste,2859790,Ojibwa,WI,$3437.98,4,1,7,LARGE
21748228,Gilbert's Getaway (Extra Clean!),Celeste,2859790,Lake Elmore,VT,$1838.18,3,2,4,MEDIUM
21784784,West Asheville Get-Away,Celeste,2859790,Sprague River,OR,$4271.63,2,5,7,SMALL
21798869,Montford Urban Treehouse,Pamela,2616094,Pawhuska,OK,$3035.5,1,5,5,LARGE
21829016,The Down Home Doublewide,Pamela,2616094,Poultney,VT,$2196.67,2,4,6,LARGE
21853043,Ideal for couples/solos-COZY & CLOSE TO DOWNTOWN!,Pamela,2616094,Coeur D Alene,ID,$3587.24,2,3,7,SMALL
21894298,Pet-Friendly Upper Berne in Asheville!,Pamela,2616094,Mary D,PA,$1726.34,1,4,7,LARGE
21911184,The Cottage at Winghaven‚ÄîA Stunning Woodland Paradise,Helen,3904248,Waconia,MN,$1533.12,2,4,4,MEDIUM
21947972,Houz Zen: A Pet Friendly Private Suite,Helen,3904248,Washington,DC,$812.8,4,5,6,LARGE
21963653,Mtn Chalet >10 min to downtown Asheville & BRP!,Elizabeth,1587167,West Frankfort,IL,$1736.88,2,3,6,LARGE
21978697,One Block North of Downtown AVL!,Elizabeth,1587167,Mount Laurel,NJ,$3002.74,4,3,6,SMALL
22030235,Forested Spot in the city. Best of Both Worlds,Simms,5081396,Kennebec,SD,$2590.87,2,1,5,LARGE
22043194,1940's Farm House Retreat in North Asheville,Simms,5081396,Bergenfield,NJ,$4136.36,4,1,4,SMALL
22049704,Our Little Getaway,Simms,5081396,Star City,AR,$4759.07,1,2,4,LARGE
22050248,Top Floor Condo in the Heart of Downtown,Simms,5081396,Fredonia,KS,$763.35,3,4,4,SMALL
22095619,Comfortable downtown Studio. Walk everywhere.,Simms,5081396,Annapolis Junction,MD,$1065.05,4,3,7,LARGE
22107175,"QUIET, COMFY & CLEAN ~ Near Downtown & UNCA!",Vicki,2671305,Trafalgar,IN,$353.46,2,5,4,SMALL
22114590,Comfortable private room in historic B&B,Vicki,2671305,Mount Pleasant,PA,$4415.09,1,3,6,LARGE
22119778,Large king suite with private balcony and soaking tub,Elaine,2044717,Hoskinston,KY,$1230.2,4,2,7,MEDIUM
22147548,Arden / South Asheville guest room,Simms,5081396,Los Angeles,CA,$4524.86,2,2,4,SMALL
22151438,Mountain Moments Retreats,Simms,5081396,Rural Retreat,VA,$4303.25,4,2,6,MEDIUM
22152480,Biltmore Retreat Luxury King Guest Suite,Lisa,3846715,Pheba,MS,$4916.83,2,5,4,LARGE
22163415,"Amazing Mountain View close to Biltmore, Downtown",Lisa,3846715,Oklahoma City,OK,$1975.1,2,3,7,SMALL
22224397,Avl Getaway: Beautiful & Spacious 2 Bedroom Suite,Lisa,3846715,Covington,VA,$1430.56,3,5,5,MEDIUM
22275691,Charming Historic Cottage on NE edge of downtown.,Lisa,3846715,Hendricks,WV,$4849.63,1,1,5,SMALL
22306380,Merry Heart Homestay,Darlene And Ron,1183365,Cromwell,CT,$3456.9,2,3,4,SMALL
22308959,Mountain Views & Hot Tub at Reeves Cove Cottage,Luba,5513855,Lakeshore,CA,$3667.04,1,4,4,LARGE
22317485,Country Setting - Minutes to Downtown Asheville,Luba,5513855,Shelburne Falls,MA,$676.01,4,5,7,MEDIUM
22326909,Beautiful 1 Bedroom Apt. Historic Montford (2/4),Luba,5513855,Greensboro,NC,$1395.54,3,4,6,LARGE
22360186,Whole House Sublet 30+ Night Stay 10 Mins to AVL,Luba,5513855,Fulton,NY,$4229.22,1,1,5,SMALL
22408602,The Sanctuary - Across from New Belgium Brewery,Leah,9915493,Mission,KS,$1067.56,1,3,7,MEDIUM
22437203,Gardenia - Hotel vibe - Minutes Downtown+ Biltmore,Shanti,3337196,Fredonia,NY,$2101.15,3,1,6,MEDIUM
22437447,Lavander Hotel Vibe room:  5' Downtown +  Biltmore,Shanti,3337196,Arlington,VA,$3337.97,2,2,6,LARGE
22461969,Asheville Cottage in Historic Montford 30 Day Min,Shanti,3337196,Racine,MN,$155.56,2,5,8,SMALL
22486185,Tiny Home Nestled Under Large Trees near Downtown Asheville,Shanti,3337196,Fairfield,PA,$4302.46,2,3,4,SMALL
22510926,Aunt Betsy's bedroom & bathroom with private entry,Michael,1835382,Sabinsville,PA,$4512.11,1,3,7,LARGE
22511514,Just Remodeled 6 mi to Downtown Asheville Sleeps 8,Michael,1835382,Alexandria,KY,$231.31,4,4,8,LARGE
22517744,Serenity Cottage‚ù§Ô∏èMtn Bike & Parkway Retreat,Anthony,6427429,Breesport,NY,$1382.25,2,5,6,SMALL
22530746,"Cozy Convenience: King Beds, 3 miles to Biltmore",Anthony,6427429,Jackson,SC,$2717.52,2,5,4,LARGE
22543222,Dogwood Cottage-couples getaway near Biltmore Pk!,Anthony,6427429,Excelsior Springs,MO,$3176.4,3,5,6,SMALL
22545170,Stone Cottage-2.5 miles from Biltmore Park!,Tony,1897925,Smyrna,MI,$3914.08,1,4,6,SMALL
22546209,Ivy Cottage-2.5 miles to Biltmore Park,Tony,1897925,Belle Glade,FL,$1921.26,1,3,6,MEDIUM
22546650,Azalea Cottage-couples getaway near Biltmore Park!,Tony,1897925,Lake City,MI,$760.91,2,5,5,SMALL
22568931,"West Asheville, The Art House Studio",Tony,1897925,Nashville,TN,$4034.81,2,1,5,SMALL
22589049,Stunning 1902 Cottage! Walk to downtown Asheville!,Ellis,5275391,Connellsville,PA,$1975.49,1,4,6,LARGE
22594761,Newly Renovated Private Lower Lvl Suite in Oakley,Ellis,5275391,Wilmington,VT,$4051.92,1,5,7,LARGE
22683936,Bright and airy room with tiger oak bed and beautiful bay window,Ellis,5275391,Flemingsburg,KY,$558.17,3,4,5,MEDIUM
22684105,Romantic B&B room with beautiful canopied four poster bed,Ellis,5275391,Groesbeck,TX,$2153.29,3,3,7,SMALL
22684155,Cozy B&B room with mahogany bed and 2 course breakfast,Kitty,1188424,Wamsutter,WY,$441.26,1,4,7,MEDIUM
22701770,"Immaculate, Traditional Home in S. Asheville BR1",Kitty,1188424,Monterey,VA,$1848.91,2,4,4,LARGE
22702396,"Immaculate, Traditional Home in S. Asheville BR2",Kitty,1188424,Lovettsville,VA,$2630.19,3,2,8,SMALL
22726943,Modern Retreat. Fresh Air. Staycation Bliss.,Kitty,1188424,Cairo,IL,$4956.35,1,5,5,LARGE
22740737,W. Asheville Spa and Gameroom Getaway,Kitty,1188424,Mapleton Depot,PA,$1362.74,4,3,7,SMALL
22773505,"the BEAR DEN‚Äîbeautiful, private, hip pad w/HEPA",Anna,4628432,Hereford,TX,$4470.12,1,5,8,SMALL
22883329,Yellow House in Charming West Asheville,Anna,4628432,Hawaii National Park,HI,$798.78,1,1,8,MEDIUM
22921667,"W Avl tiny home, pet friendly, close to downtown",Anna,4628432,Palo Alto,CA,$1651.48,2,4,4,LARGE
22924150,Montford Hideaway - Ten minute walk to downtown.,Anna,4628432,Omaha,IL,$4226.86,4,5,7,SMALL
22944749,Family Getaway/Minutes to Downtown,Lynda,5558420,North Wilkesboro,NC,$2617.96,3,5,6,LARGE
22950161,Country cottage in the center of it all!,Marta,2523994,Rupert,GA,$1604.01,3,5,4,MEDIUM
22968354,The Bluebird Basement Getaway,Marta,2523994,Mcminnville,TN,$4654.03,1,4,5,LARGE
22984192,Private modern apt above River Arts.  Walk to town,Linda,3737747,Lorane,OR,$2618.83,4,4,7,LARGE
22986709,Upscale AsheV Experience with Discounted Rates,The Lion And The Rose,3553565,Guaynabo,PR,$1875.49,3,5,6,MEDIUM
23017092,The Falcon (6 bd/4 ba) - Where together is better,The Lion And The Rose,3553565,San Juan,PR,$135.41,2,4,4,LARGE
23025024,"Guest house.  Walk to town, all new, 2nd story",Sherri,6538086,Aibonito,PR,$3064.19,4,2,6,MEDIUM
23068704,Cute Single with Private Bath 1.5 miles to Haywood,Sherri,6538086,Great Neck,NY,$1709.07,2,4,5,MEDIUM
23075703,Private River Arts Suite,Sherri,6538086,La Jara,NM,$3212.77,1,1,6,LARGE
23076921,North Asheville Urban Forest,Sherri,6538086,Rapidan,VA,$3956.3,1,5,6,SMALL
23084647,Cozy Little Farmette Minutes to Downtown Asheville,Anne,3279833,Morongo Valley,CA,$2861.9,2,1,6,SMALL
23150406,The Flint Street House downtown Historic Montford,Anne,3279833,Saint Clair,PA,$4121.0,2,5,8,SMALL
23216051,Live/Work/Walk Everywhere from Drover's Way House,Anne,3279833,Chattanooga,TN,$4376.27,3,2,8,SMALL
